"Species","author.location","site","grass.forb.shrub","Photosynthesis","annual.Perennial","max.height.mm.","Root.diameter..mm.","SRL..m.g.","Root.tissue.density.gcm.3.","Root.N..","SLA..cm2.g..cm2.g.1.","LDMC..g.g.","Leaf.tissue.density..gcm.3.","Leaf.area..cm2.","tugor.loss.point","Leaf.N....","seed.mass","notes","key","intrinsicLDGRcon","intrinsicLDGRchr","invasionLDGRcon","invasionLDGRchr","slopecovercon","slopeothercon","slopecoverchr","slopeotherchr","intrinsicdiff","invasiondiff"
"Alliumtextile","DB/HPG","CHY","F","C3","Perennial",304.8,0.2355,NA,NA,NA,101.8584,0.135925364,0.08137136,1.24325,-0.34556153,2.815,NA,"AS/mean","",-0.194599463347109,-0.956604613482771,0.803735129944552,0.0417299798088901,-0.854961970452031,0.113756371929372,-0.294229144941824,0.214178667570919,-0.762005150135662,-0.762005150135662
"Antennariarosea","AS/AZ","CHY","F","C3","Perennial",NA,NA,NA,NA,NA,NA,0.335732566,NA,NA,-2.85213152,NA,NA,"","",-1.4431154481661,-2.21584564550108,2.29114692257192,1.51841672523694,-0.27209845939543,0.39972436660111,-0.660865712784724,0.806372119117107,-0.772730197334984,-0.772730197334984
"Artemisiafrigida","DB/HPG","CHY","F","C3","Perennial",268.68,0.24195,70.28428596,NA,1.02,213.6270654,0.348899798,0.33609394,0.075220945,-1.261089225,1.953,NA,"","",5.32149859821074,3.51386747918654,2.32804576733337,0.520414648309168,-0.276174801024596,-1.0081408851628,-0.27481738175108,-0.643277474774969,-1.8076311190242,-1.8076311190242
"Astragalusdrummondii","DB/HPG","CHY","F","C3","Perennial",237.84,0.43234,32.31714671,NA,2.18,124.4218462,0.236413273,NA,11.152055,-0.669790392,4.635,NA,"","",4.47045906353269,3.64812855499805,NA,NA,-0.234252271151828,-0.87074682274023,0.809736792503849,NA,-0.822330508534644,NA
"Astragaluslaxmannii","DB/HPG","CHY","F","C4","Perennial",146.48,NA,NA,NA,NA,97.56782988,0.25655772,NA,5.37808,-0.885247441,3.39,NA,"","",-6.13192973598846,-1.07881799733116,-4.68182035711691,0.371291381540387,-0.846081376810373,1.46729263021857,-0.975037182357,0.306127016184977,5.0531117386573,5.0531117386573
"Astragalusshortianus","DB/HPG","CHY","F","C4","Perennial",102.625,0.368,43.8479521,NA,2.45,93.66465524,0.174372969,NA,6.0565,-0.663024832,5.453,NA,"","",-0.556953837630426,0.285606545586013,0.0318493177112106,0.874409700927649,-0.362968628606509,0.210358837265644,-0.533758175321257,0.121475351473495,0.842560383216438,0.842560383216438
"Boutelouagracilis","DB/HPG","CHY","G","C4","Perennial",159.1,0.204125,68.67957164,0.3752851,0.56,72.99876175,0.49404319,0.412646057,0.6532,-1.599274184,1.508888889,NA,"","",5.12388021102398,6.12823067073615,0.679481784906868,1.68383224461904,-0.722916790773403,-0.687281456424039,-0.737371623236323,-1.00454318902313,1.00435045971217,1.00435045971217
"Buchloedactyloides","TRY/ all","CHY","G","C4","Perennial",NA,NA,NA,NA,0.78,131.75231,0.61125,NA,NA,NA,NA,NA,"","",-0.00450312266125149,-1.18225680986953,NA,NA,0.0642357628350024,0.00291276051387939,NA,NA,-1.17775368720828,NA
"Carexeleocharis","DB/HPG","CHY","G","C3","Perennial",99.55,0.1892,76.88056507,NA,0.716666667,115.4980706,0.403400534,NA,0.95225,-2.430975402,1.742,NA,"","",2.2584425441494,3.35593598964067,1.77953238835105,2.87702583384232,-0.756109223162399,0.00727746437447137,-0.925534294717792,-0.107892242986589,1.09749344549127,1.09749344549127
"Cirsiumundulatum","DB/HPG","CHY","F","C3","Perennial",386.1428571,NA,NA,NA,NA,97.29738554,0.228524695,0.41,36.25428571,-1.27780434,1.958,NA,"","",-0.751521150667638,1.62010997267887,-2.15569743553794,0.215933687808566,-0.0329247362231488,0.154888544723873,-1.00896254368062,-0.284377903719499,2.3716311233465,2.3716311233465
"Comandraumbellata","DB/HPG","CHY","F","C3","Perennial",94.85,0.3323,21.75143953,NA,0.82,91.94960823,0.255090913,0.3340517,0.4859,-1.896426384,2.608,NA,"","",-0.0589693820591423,0.223132830421232,0.15356311204552,0.435665324525894,-0.341990886031109,0.0757106065461283,-0.602188380556244,0.0448108463830038,0.282102212480374,0.282102212480374
"Erigeronpumilus","DB/HPG","CHY","F","C4","Perennial",95.8,0.23698,83.89194004,NA,0.98,103.6559933,0.249771608,0.20651597,0.457125,-0.785325331,1.773,NA,"","",1.86608807348939,-2.66538330481993,5.56953789553097,1.03806651722165,-0.180117646046262,-0.274799801210624,-0.616425571828764,0.721216730241609,-4.53147137830933,-4.53147137830933
"Eriogonumeffusum","DB/CPER","CHY","S","C3","Perennial",134.08,NA,NA,NA,NA,100.7953597,0.488384279,NA,1.749,-1.460169072,2.355,NA,"","",-1.93211201689521,2.41447341782166,-3.76103331154543,0.585552123171433,-0.884974476388054,0.536720493163311,-0.473088181847558,-0.388145252855376,4.34658543471687,4.34658543471687
"Gauracoccinea","DB/CPER","CHY","F","C3","Perennial",178.12,NA,NA,NA,NA,137.561965,0.290132473,NA,1.06725,-1.09411888,2.066666667,NA,"","",-0.0147443413014951,-0.804930550059098,1.24184502491736,0.451658816159758,-1.01415584982377,0.0344480947896896,-0.777830780353113,0.266079738928147,-0.790186208757603,-0.790186208757603
"Grindeliasquarrosa","DB/HPG","CHY","F","C3","Annual",285.45,0.26828,59.90048882,NA,0.72,85.07890676,0.244203597,0.37,1.068166667,-0.523029793,1.534,NA,"","",17.0526107740197,37.4193212799738,-16.9426405554139,3.42406995054014,-1.1178009814954,-3.23024291318803,-2.69445881655068,-6.60417932316537,20.3667105059541,20.3667105059541
"Heterothecavillosa","DB/HPG","CHY","F","C3","Perennial",128.12,0.254566667,69.97353922,NA,0.8,115.9404074,0.30257769,NA,0.733125,-0.551132887,2.032,NA,"","",2.34931724224015,2.61946165541074,0.422861039187928,0.693005452358517,-0.215505649253629,-0.312438452817655,-0.224394983396067,-0.405485025871137,0.27014441317059,0.27014441317059
"Koeleriapyramidata","DB/HPG","CHY","G","C3","Perennial",157,0.15324,162.2700823,0.334,0.516666667,83.88686134,0.401028467,0.487,2.385375,-1.435339472,1.385,NA,"ST/KUT","",1.02918560287883,1.72540418570906,-0.157859630105837,0.538358952724392,-0.266249831406942,-0.032296675796052,-0.231048248541943,-0.252360219181267,0.696218582830228,0.696218582830228
"Lactucaserriola","","CHY","F","C3","Biennial",837.5,NA,NA,NA,NA,NA,NA,NA,NA,NA,NA,NA,"","",-12.8366553690574,3.92747064417004,-16.658835810934,0.105290202293371,-1.62547751485885,2.66883985466681,-1.21918944521137,-0.755529261391447,16.7641260132274,16.7641260132274
"Lappularedowskii","DB/HPG","CHY","F","C3","Annual",160.9,0.13325,378.8427103,NA,1.78,231.0757905,0.203229243,NA,0.238642857,-0.816724467,2.356,NA,"","",2.35883422863051e-14,3.59667424132388,-3.63740094399407,-0.0407267026702058,NA,-5.12414340807987e-15,NA,-0.755947070086727,3.59667424132386,3.59667424132386
"Lepidiumdensiflorum","DB/HPG","CHY","F","C3","Annual",152.7428571,0.15235,282.0899068,0.40364305,1.816666667,169.268439,0.207452531,0.46227389,0.634055556,-0.728598717,3.598,NA,"","",1.90141961862435,-0.594613040901426,2.58522867672021,0.0891960171944328,-0.857532872499733,-0.397256586808829,-1.07223128456108,0.138129720057414,-2.49603265952577,-2.49603265952577
"Lesquerellamontana","DB/HPG","CHY","F","C3","Perennial",49.2,0.171,190.2181779,NA,1.828571429,92.82327376,0.211131504,NA,0.696166667,-0.880043165,2.744,NA,"","",-0.894224685437464,-0.82447484795198,0.739646582952031,0.809396420437516,-0.968126252171394,0.348060668064731,-0.951621898296849,0.345572571003011,0.0697498374854844,0.0697498374854844
"Leucocrinummontanum","DB/HPG","CHY","F","C3","Perennial",83.3,0.7363,15.67955314,NA,0.44,110.7022838,0.18218106,NA,3.031,-1.138695709,3.129,NA,"","",3.139649880882,3.40343925334037,-0.333988204644995,-0.0701988321866197,-0.699234601738647,-0.595196284169593,0.11520604082907,-0.732487348820424,0.263789372458375,0.263789372458376
"Liatrispunctata","DB/HPG","CHY","F","C3","Perennial",141.45,0.310216667,76.8619003,0.119538812,1.06,61.75097249,0.301120214,0.5097965,0.947,-0.560396499,1.583,NA,"","",1.84718283752133e-14,-0.555906946351607,0.974802842034185,0.41889589568256,-1.21084003803638,-3.60718281335643e-15,NA,0.208117596705096,-0.555906946351625,-0.555906946351625
"Linariadalmatica","TRY/AZ","CHY","F","C4","Perennial",607,NA,NA,NA,1.001,145.72879,0.21475,NA,4.2554429,NA,NA,NA,"","",4.7940580801029,4.46461526729792,0.768657006275697,0.439214193470717,-0.854755208746071,-0.885189210547698,-0.48153831919095,-0.78905655582119,-0.32944281280498,-0.32944281280498
"Lygodesmiajuncea","AS/MO","CHY","F","C3","Perennial",NA,NA,NA,NA,NA,101.5325763,0.203896624,NA,NA,NA,NA,NA,"","",-0.522384937527715,-1.51457246351852,1.19721237138424,0.205024845393434,-1.10406213819446,0.151919740675725,-1.03449256688314,0.362396232597623,-0.992187525990805,-0.992187525990805
"Machaerantherapinnatifida","","CHY","F","C3","Perennial",NA,NA,NA,NA,NA,NA,0.365723939,NA,NA,NA,NA,NA,"","",0.219073199798562,-1.25671062718298,1.79042797275562,0.31464414577408,-0.838712963968705,-0.00595016019345187,-1.15735074973359,0.337534773633031,-1.47578382698154,-1.47578382698154
"Mertensialanceolata","DB/HPG","CHY","F","C3","Perennial",103.7,0.18698,73.76156396,NA,1.425,129.3438491,0.208128531,NA,1.1595,-0.791050036,2.834,NA,"","",0.48555126808469,0.110018857214087,0.510270663944992,0.134738253074388,-1.00589986936285,-0.0636398632533044,-0.830910105110164,0.00527974490093759,-0.375532410870603,-0.375532410870603
"Mirabilislinearis","","CHY","F","C3","Perennial",NA,NA,NA,NA,NA,NA,NA,NA,NA,NA,NA,NA,"","",0.21561540356935,3.02535774210355e-15,0.215615403569347,2.08166817117217e-16,-1,-0.0161050898422054,NA,-5.759281940243e-16,-0.215615403569347,-0.215615403569347
"Musineondivaricatum","DB/HPG","CHY","F","C3","Perennial",68.5,NA,NA,NA,NA,98.72758824,0.194083985,0.16887982,3.292,-1.102265773,3.204,NA,"","",1.51705188366749,0.276767515780261,1.35666234281312,0.116377974925892,-0.903416114307317,-0.308071252487847,-1.11992550936749,-0.0339235832794396,-1.24028436788723,-1.24028436788723
"Oenotheracoronopifolia","DB/HPG","CHY","F","C4","Perennial",118.75,0.3129,72.47169235,NA,1.06,87.39339585,0.243119051,NA,0.9455,-0.672808872,1.775,NA,"","",-1.74785236722259,-0.854462969186663,NA,NA,-1.33800892475939,0.406093385990452,NA,NA,0.893389398035929,NA
"Pascopyrumsmithii","DB/HPG","CHY","G","C3","Perennial",310.55,0.3128,39.31760857,0.2845681,0.88,75.48453217,0.381474082,0.46392425,5.1705,-1.395786971,2.31,NA,"","",1.4829284181553,1.17972442978366,1.57083318903211,1.26762920066047,-0.707342026781652,0.137151717358436,-0.442019410404825,0.0195533102217275,-0.30320398837164,-0.30320398837164
"Penstemonalbidus","DB/HPG","CHY","F","C3","Perennial",134.25,0.23682,118.2733738,NA,0.94,96.92319451,0.271293342,NA,2.184,-0.523550221,1.668,NA,"","",1.4641011888627,0.919508805176009,0.693449514124432,0.148857130437739,-0.572080178219989,-0.284552321507322,-0.571676540015492,-0.164439522276312,-0.544592383686693,-0.544592383686693
"Phloxhoodii","DB/HPG","CHY","F","C4","Perennial",28.25,0.33018,47.89818564,0.327272727,1.18,139.5070877,0.262580645,0.40898618,0.030829593,-0.848817505,2.326666667,NA,"AS/MO","",-1.41702616475993,-1.21895489949155,0.164113973228955,0.362185238497336,-2.02439003166891,0.801776268301805,-0.225017636458171,0.343403177956253,0.198071265268381,0.198071265268381
"Plantagopatagonica","DB/HPG","CHY","F","C3","Annual",76.55,0.168471429,264.2943584,NA,1.25,111.1843241,0.250117064,NA,1.199,-0.42831196,1.294,NA,"","",13.0601479601771,12.3857632679205,1.43606746232385,0.761682770067265,-0.368810012588612,-2.61276800466969,-0.868410918261553,-2.33331776075792,-0.674384692256588,-0.674384692256588
"Potentillapensylvanica","","CHY","F","C3","Perennial",NA,NA,NA,NA,NA,NA,NA,NA,NA,NA,NA,NA,"","",5.06254824475075,0.944633204432563,4.4915061374293,0.373591097111108,-1.18645880761213,-1.02006147343746,-0.404467231645444,-0.118586094961079,-4.11791504031819,-4.11791504031819
"Sphaeralceacoccinea","DB/HPG","CHY","F","C3","Perennial",88.65,0.259766667,70.74975685,0.133333333,1.5,91.28928662,0.300322517,0.22081766,2.609722222,-0.940412773,2.475,NA,"","",0.833396921912145,-0.388506862763079,1.39492234406234,0.173018559387112,-0.369511604736688,-0.153790098453346,-0.772020733698036,0.119802727404318,-1.22190378467522,-1.22190378467522
"Stipacomata","DB/HPG","CHY","G","C3","Perennial",253.05,0.286883333,39.04902073,0.65,0.683333333,59.60760204,0.443618722,0.28232236,1.44825,-1.933388738,1.578,NA,"","",1.84107414712157,2.26953728791353,0.597512599467877,1.02597574025983,-0.598003746502354,-0.147602604868361,-0.450169428541762,-0.270837289855148,0.428463140791954,0.428463140791954
"Taraxacumofficinale","","CHY","F","C3","Annual",NA,NA,NA,NA,NA,NA,NA,NA,NA,NA,NA,NA,"","",1.40950592765254e-14,0.849496392754953,-0.702114526117898,0.147381866637041,-0.999999999999999,-2.73088114470979e-15,NA,-0.138721668568825,0.849496392754939,0.849496392754939
"Tragopogondubius","DB/CPER","CHY","F","C3","Biennial",510.8075,0.434975,22.84106,0.3711031,1.137,141.6648016,0.217106333,0.3306402,8.4654524,-1.074377472,3.029,NA,"DB/CPER","",3.22687689915836,-2.93391099935634,6.6017614474833,0.440973548968603,-0.697024085661295,-0.5769980473376,-1.08355629434696,0.66949715262122,-6.1607878985147,-6.1607878985147
"Vulpiaoctoflora","DB/HPG","CHY","G","C3","Annual",64.95,0.12178,484.0989444,0.243376475,1.18,150.1410832,0.277615645,0.7305598,0.144238,-1.804843108,2.106,NA,"DB/CPER","",4.93686228300225,-6.99712245396701,14.554101315779,2.62011657880973,-0.316260951697246,-0.779392322273969,-0.820468713612723,2.01982563214641,-11.9339847369693,-11.9339847369693
"Achilleamillefolium","ST/KUT; TRY/KZ","HYS","F","C3","Perennial",403.59167,0.2537,73.90947,0.3156046,0.685,169.867,0.28098,0.272,2.3824048,-1.8366896,NA,NA,"AS/AZ","TRY  from or average including a TRY global trait database",2.00984010387966,4.5759499817195,-2.25889129212151,0.307218585718327,-0.86401487805407,-0.303356108567421,-0.664366872918262,-0.849724967068901,2.56610987783984,2.56610987783984
"Ambrosiapsilostachya","AS/HAYS","HYS","F","C3","Perennial",444.25,NA,NA,NA,1.29,108.6214169,0.2879133,0.67,4.920375,-2.73749216,NA,NA,"AS/AZ","",2.44833375873965,1.64826394786533,1.75005735277545,0.949987541901131,-0.606080437483829,-0.238185734365432,-0.508612442954054,-0.142814780572116,-0.800069810874322,-0.800069810874322
"Andropogonternarius","TRY/USDA","HYS","G","C4","Perennial",1188.72,NA,NA,NA,NA,NA,NA,NA,NA,NA,NA,NA,"","",7.53779804354302,4.2486183001932,3.97692994486423,0.687750201514412,-0.642890331075737,-1.27575318639817,-0.479220811035923,-0.722001842060391,-3.28917974334982,-3.28917974334982
"Aristidapurpurea","AS/HAYS","HYS","G","C4","Annual",73.5,0.2046,120.4515543,0.278714286,NA,103.569861,0.475938433,0.5223002,0.2265,-2.6865728,NA,NA,"TRY/AZ","",2.72287591157951,2.51261536971104,1.18829769259318,0.978037150724713,-0.754828009920805,-0.280229587073184,-0.424098570845129,-0.314960761450335,-0.210260541868471,-0.210260541868472
"Asterericoides","","HYS","F","C3","Perennial",NA,NA,NA,NA,NA,NA,NA,NA,NA,NA,NA,NA,"","",7.19168290125466,-4.7026891068025,12.8273990924165,0.933027084359331,-0.621626525954142,-1.30940810236153,-1.10707773266252,1.12424811629425,-11.8943720080572,-11.8943720080572
"Asteroblongifolius","TRY/KZ","HYS","F","C3","Perennial",523,0.3149333,44.7963,0.3241536,NA,127.32011,NA,0.4587015,NA,NA,NA,NA,"","from specific TRY trait data (KZ, AZ, OZ)",4.01453629261201,3.03040012543488,NA,NA,-0.224247471997427,-0.616855894810295,-0.0587353386456606,NA,-0.98413616717713,NA
"Astragaluscrassicarpus","TRY/KZ","HYS","F","C3","Perennial",NA,NA,NA,NA,NA,135.86957,NA,0.46,NA,NA,NA,NA,"","",2.01650968820538,-0.621886188877565,2.74004226541157,0.101646388328626,-0.560069619958339,-0.336817884172113,-0.186672815020696,0.14611573006293,-2.63839587708295,-2.63839587708295
"Boutelouacurtipendula","AS/HAYS","HYS","G","C4","Perennial",684.95,0.12054,222.8852772,0.45474026,0.884,158.4683619,0.441390407,0.5498623,4.08076,-2.8125968,NA,NA,"","",3.72088280099387,2.31829277543169,2.61400590798301,1.21141588242083,-0.433990498625451,-0.471331194676888,-0.440824052975163,-0.236113527668861,-1.40259002556218,-1.40259002556218
"Boutelouagracilis","AS/HAYS","HYS","G","C4","Perennial",260.065,0.183741667,123.04093,0.3752851,0.56,130.267628,0.482589445,0.412646057,0.92273,-3.80408,1.6829445,NA,"DB/HPG","",5.52502774615352,4.3808897557731,2.0831788261702,0.93904083578978,-0.479364339550956,-0.907522027409476,-0.386896112600438,-0.707397231706741,-1.14413799038042,-1.14413799038042
"Boutelouahirsuta","AS/HAYS","HYS","G","C4","Perennial",NA,NA,NA,NA,NA,NA,0.463121629,NA,NA,-2.5251488,NA,NA,"","",-1.31352193312127,12.2319901596783,-12.3805946645037,1.16491742829592,-1.07277701582045,0.523235226610793,-0.616808787158801,-2.25952518955726,13.5455120927996,13.5455120927996
"Bromusjaponicus","TRY/global","HYS","G","C3","Annual",314.2857,NA,NA,NA,NA,NA,0.2866,0.33,2.499,NA,NA,NA,"","",10.7673295637518,4.72452916779008,8.01116186515228,1.96836146919057,-0.616490436976831,-1.98669649730521,-0.869184913202151,-0.560040166751166,-6.04280039596171,-6.04280039596171
"Buchloedactyloides","TRY/KZ","HYS","G","C4","Perennial",NA,NA,NA,NA,0.78,131.75231,0.5325,NA,NA,NA,NA,NA,"","",6.54341836186082,3.69868939402851,3.38820528887282,0.543476321040514,-0.353575499197821,-1.2524914828727,-0.455911126216913,-0.637190985218529,-2.84472896783231,-2.84472896783231
"Cirsiumundulatum","AS/HAYS","HYS","F","C3","Perennial",438.7714286,NA,NA,NA,NA,71.73601,0.256133344,0.41,41.22380952,-1.080581418,1.964714286,NA,"","",0.735313071996383,9.35008788839771,-8.63206159065532,-0.0172867742539875,-0.805269879132748,0.0414852176047563,-0.0442177479530507,-1.88248274566553,8.61477481640133,8.61477481640133
"Conyzacanadensis","","HYS","F","C3","Annual",966.5909,NA,NA,NA,NA,0.00924,NA,NA,NA,NA,NA,NA,"","",-1.83559140996919,-1.78412771977645,NA,NA,-0.894747240459882,0.342982075419283,NA,NA,0.051463690192743,NA
"Erigeronstrigosus","AS/HAYS","HYS","F","C3","Annual",659,NA,NA,NA,NA,83.33333,0.93,0.4,1.11,NA,NA,NA,"","",4.47226117310358,-4.44089209850063e-14,4.47226117310363,0,-0.673689756413531,-0.764651520953792,0.892789260714374,8.99280649946377e-15,-4.47226117310363,-4.47226117310363
"Erysimumasperum","AS/HAYS","HYS","F","C3","Biennial",NA,NA,NA,NA,NA,NA,0.263038549,NA,NA,NA,NA,NA,"","",2.94701103136314,4.66409119735223,-1.3517483278354,0.365331838153695,-1.10765115633565,-0.442510900368079,-0.986884671930194,-0.826797283379502,1.71708016598909,1.71708016598909
"Gutierreziasarothrae","AS/HAYS","HYS","S","C3","Perennial",381.4667,0.2064,88.03055556,0.36,1.24,95.2121,0.376374603,0.15435775,0.19084,-2454065,1.534,NA,"AS/MO","",2.33444079413738,-0.315497698849073,3.09839841396819,0.448459920981743,-0.335482446844292,-0.370158226950419,-0.303119447346411,0.154451324372903,-2.64993849298645,-2.64993849298645
"Hedeomahispida","TRY/KZ","HYS","F","C3","Annual",NA,NA,NA,NA,NA,115.15152,NA,0.4824561,NA,NA,NA,NA,"","",-0.615153254529965,2.84377905284085,-3.19791495291011,0.2610173544607,-1.15308323303654,0.132502411070735,-1.0870601014748,-0.501926601084907,3.45893230737081,3.45893230737081
"Kuhniaeupatorioides","TRY/KZ","HYS","F","C3","Perennial",895,NA,NA,NA,NA,140.25245,NA,0.31,NA,NA,NA,NA,"","",-4.83039365511809e-13,2.82431545442655,-2.44895035405905,0.375365100367988,4.68987878126888e-14,9.78372276760323e-14,-0.341439776249437,-0.501294131203109,2.82431545442703,2.82431545442703
"Lepidiumdensiflorum","ST/KUT; TRY/KZ","HYS","F","C3","Annual",216.007619,0.10341665,312.705475,0.40364305,1.816666667,179.214455,0.199008,0.4774524,0.66040278,-0.839135831,3.707,NA,"DB/HPG","",5.216172673825e-14,7.1326808681625,-6.63937770480013,0.493303163362317,-0.999999999999988,-1.08206440303581e-14,-1.14014732037433,-1.26008643052689,7.13268086816244,7.13268086816244
"Liatrispunctata","AS/HAYS","HYS","F","C3","Perennial",306.8167,0.3042,118.81,0.168,1.06,54.39829,0.312267,0.469593,1.21275,-0.914981833,1.664,NA,"ST/KUT; TRY/KZ","",2.96843187708292,4.41458894013772,-0.988593714022384,0.457563349032414,-0.67989970797215,-0.553195154451834,-0.603104207866277,-0.809703239504135,1.4461570630548,1.4461570630548
"Linumrigidum","","HYS","F","C3","Annual",NA,NA,NA,NA,NA,NA,NA,NA,NA,NA,NA,NA,"","",4.85885907199266e-15,-0.0988352889300974,0.101790744048834,0.00295545511873198,-0.481980048463143,-9.26285122118999e-16,NA,0.0199053280081697,-0.0988352889301023,-0.0988352889301023
"Machaerantherapinnatifida","AS/HAYS","HYS","F","C3","Perennial",NA,NA,NA,NA,NA,NA,0.365723939,NA,NA,NA,NA,NA,"","",1.75229214241282,1.81753362577033,0.145102322150902,0.210343805508414,-1.0574447495594,-0.231356378423175,-0.540479514019489,-0.328826268167202,0.0652414833575115,0.0652414833575115
"Medicagolupulina","TRY/KZ","HYS","F","C3","Annual",414.0291,0.215,303.5787,0.1045,3.2291685,182.43243,0.19152005,0.3915344,7.48,NA,NA,NA,"","",-0.24819023357166,1.4637357181873,-1.54788002802237,0.164045923736599,-1.01454190450595,0.0869301095427678,-0.977567345351303,-0.255174199395735,1.71192595175896,1.71192595175896
"Melilotusofficinalis","TRY/KZ","HYS","F","C3","Biennial",1346,NA,NA,NA,NA,132.33083,0.2376667,0.2906469,NA,NA,NA,NA,"","",-0.715399195445243,-2.94036513812549,2.75709217030768,0.532126227627435,-0.144838949268537,0.209340557395983,-0.528439152250611,0.68536426097875,-2.22496594268025,-2.22496594268025
"Opuntiapolyacantha","","HYS","S","C3","Perennial",609.6,NA,NA,NA,NA,NA,NA,NA,NA,NA,NA,NA,"","",2.06854643539448,0.513282954835107,1.6895302088498,0.134266728290427,-0.222354217718733,-0.400593396487116,-0.367307178685382,-0.0766355635943881,-1.55526348055938,-1.55526348055938
"Oxalisstricta","AS/HAYS","HYS","F","C3","Perennial",293.0083,NA,NA,NA,NA,255.10204,0.169414116,0.28,8.438333,NA,NA,NA,"","",-0.170732242546177,-0.451709117096744,0.545031630856544,0.264054756305977,-1.02200509223093,0.0435344080027696,-1.10834458113902,0.143493143053547,-0.280976874550567,-0.280976874550567
"Pascopyrumsmithii","AS/HAYS; ST/KUT","HYS","G","C3","Perennial",370.7833333,0.195,122.15,0.285,1.004,52.67848466,0.455234911,0.46392425,7.28583335,-2.584984914,2.1925,NA,"","",7.61086888030359,7.18735897616962,2.33857171600667,1.9150618118727,-0.594152137242611,-1.33099396651022,-0.796479499242537,-1.10496569251111,-0.42350990413397,-0.42350990413397
"Plantagopatagonica","","HYS","F","C3","Annual",118.8675,0.168471429,264.2943584,NA,1.25,118.4989024,0.239156986,NA,1.421875,-0.69552658,1.6745,NA,"DB/HPG","",0,0,0,0,NA,0,NA,0,0,0
"Poapratensis","TRY/KZ","HYS","G","C3","Perennial",433.39,NA,652.0816,0.116875,0.8149322,223.21429,0.3044245,0.3409091,4.3356409,NA,NA,NA,"","",2.07769228388711,3.55658584533214,0.680860875577837,2.15975443702287,-0.50940481326004,-0.154357960222916,-0.964930164453608,-0.284223336580265,1.47889356144504,1.47889356144504
"Psoraleatenuiflora","TRY/KZ","HYS","F","C3","Perennial",NA,0.3176333,34.26263,0.4262845,NA,100.06946,NA,0.3569595,NA,NA,NA,NA,"","",8.78342350800176,8.09338381355133,1.41371169327742,0.723671998826992,-0.389660808223162,-1.61940591090292,-0.528643829375836,-1.50099767965572,-0.69003969445043,-0.69003969445043
"Ratibidacolumnifera","AS/HAYS","HYS","F","C3","Perennial",944.88,0.204666667,128.4495034,0.278333333,NA,111.3554043,0.212333434,0.2941176,NA,-1.92912608,NA,NA,"","",4.11597566918211,7.30703425853249,-2.43486410751679,0.756194481833586,-0.653437624480219,-0.71714060404067,-0.848556422140983,-1.2878205397302,3.19105858935038,3.19105858935038
"Schizachyriumscoparium","AS/HAYS","HYS","G","C4","Perennial",914.125,0.17486,195.7415543,0.228333333,0.9905,161.2498759,0.341577904,0.7731486,2.43956,-2.254976,NA,NA,"","",2.43772199773923,2.57127945235603,0.668128721349723,0.801686175966529,-0.266226989189337,-0.271010454303166,-0.29642757907502,-0.371922822103663,0.133557454616806,0.133557454616806
"Schrankianuttallii","","HYS","F","C3","Perennial",NA,NA,NA,NA,NA,NA,NA,NA,NA,NA,NA,NA,"","",3.68576652323165,7.02361748013318,-2.81023328005886,0.527617676842672,-0.68422040547425,-0.285926641108783,-0.937052250382069,-1.3147570984831,3.33785095690153,3.33785095690153
"Senecioplattensis","","HYS","F","C3","Perennial",600,NA,NA,NA,NA,NA,NA,NA,NA,NA,NA,NA,"","",-0.217779201605783,-2.03439859905417,2.10055537577726,0.283935978328865,-0.328152535700201,0.0587282517334893,NA,0.457049703367723,-1.81661939744839,-1.81661939744839
"Sileneantirrhina","TRY/KZ","HYS","F","C3","Annual",NA,NA,NA,NA,NA,200,NA,0.3846154,NA,NA,NA,NA,"","",0.582436436718397,0.695501713077593,-0.0129753833367902,0.100089893022406,-1.05332799929566,-0.110744020622897,-1.13827928175962,-0.119572037614823,0.113065276359196,0.113065276359196
"Sphaeralceacoccinea","AS/HAYS","HYS","F","C3","Perennial",226.03,0.2898,129.21,0.133333333,1.5,63.81737363,0.382770141,0.22081766,3.75486111,-1.356136826,2.809,NA,"DB/HPG","",3.50123398637861,3.83279314977692,NA,NA,-1.23473143467295,-0.711635682975598,-0.367908413891733,NA,0.331559163398304,NA
"Sporobolusasper","","HYS","G","C4","Perennial",952.2,NA,NA,NA,NA,NA,NA,NA,NA,NA,NA,NA,"","",4.22856096665139,1.83066898300892,3.58755495627142,1.18966297262894,-0.389702278766706,-0.633497809420215,-0.578508334137626,-0.13352966690742,-2.39789198364247,-2.39789198364247
"Sporoboluscryptandrus","AS/HAYS","HYS","G","C4","Perennial",857,NA,NA,NA,NA,116.95906,0.376709417,0.58,NA,-2.5918896,NA,NA,"","",-1.96306110235686,-16.747567201715,14.3500071955418,-0.434498903816271,-1.27681637775119,0.584465748437719,0.0118138294622807,3.3042578900833,-14.7845060993581,-14.7845060993581
"Thelespermamegapotamicum","AS/HAYS","HYS","F","C3","Perennial",NA,NA,NA,NA,NA,NA,0.264305745,NA,NA,NA,NA,NA,"","",6.04413648972697,10.6169070790676,-4.61980593177991,-0.0470353424392389,-0.078537808976626,-1.19679724245383,0.181256279494407,-2.15127722197183,4.57277058934067,4.57277058934067
"Tragiaramosa","AS/HAYS","HYS","F","C3","Perennial",222,NA,NA,NA,NA,NA,0.350332759,NA,NA,NA,NA,NA,"","",2.91094555609686,4.90244822248419,-1.64354599788634,0.347956668500992,0.130714965816115,-0.549348950190685,-0.156204203791852,-0.93317896927049,1.99150266638733,1.99150266638733
"Tragopogondubius","ST/KUT","HYS","F","C3","Biennial",510.8075,0.435,22.84,0.371,1.137,110.2,0.217106333,0.377,8.4654524,-1.074377472,3.029,NA,"DB/CPER","",-1.55968315070369,3.67741729128605,-5.60778411278783,-0.370683670798081,-1.44362776812254,0.42227559344723,-0.306018146788235,-0.788563379315721,5.23710044198975,5.23710044198975
"Ambrosiapsilostachya","AS/HAYS","KNZ","F","C3","Perennial",444.25,NA,NA,NA,1.29,108.6214169,0.2879133,0.67,4.920375,-2.73749216,NA,NA,"AS/AZ","",1.07682851909742,3.07219155466888,-1.10627159090403,0.889091444667428,-0.537089406480971,-0.0532769345878956,-0.521504065106027,-0.432301512256892,1.99536303557146,1.99536303557145
"Amorphacanescens","AS/HAYS","KNZ","S","C3","Perennial",NA,NA,NA,NA,NA,97.87501836,0.624936769,0.4728682,NA,NA,NA,NA,"","",0.464464710946444,-1.06827209798352,2.1724139537144,0.639677144784436,-0.348887875967432,0.108304974600388,-0.213211014577708,0.337527313761758,-1.53273680892996,-1.53273680892996
"Andropogongerardii","AS/HAYS; TRY/KZ","KNZ","G","C4","Perennial",NA,0.2409,45.38839,0.4841379,1.44,172.2349175,0.321700284,0.4786185,NA,-2.0594736,NA,NA,"","",3.41683197081533,4.00388910951702,1.85863134867988,2.44568848738157,-0.407176846612138,-0.406837301086607,-0.599887586733601,-0.341493694074864,0.5870571387017,0.587057138701699
"Artemisialudoviciana","TRY/KZ","KNZ","F","C3","Perennial",914.4,0.2829667,62.0423,0.2949271,NA,138.91158,NA,0.4705347,NA,NA,NA,NA,"","",-3.0898395411254,-6.56057768487014,4.07716301812851,0.606424874383767,-0.625233855682514,0.648293530439661,-0.22233815116511,1.41427228139293,-3.47073814374474,-3.47073814374474
"Asclepiasstenophylla","TRY/KZ","KNZ","F","C3","Perennial",NA,NA,NA,NA,NA,112.67606,NA,0.3413462,NA,NA,NA,NA,"","",-15.6580330230604,-16.5911110156676,NA,NA,-0.280311219324812,3.2857027823918,NA,NA,-0.933077992607167,NA
"Asclepiasverticillata","TRY/KZ","KNZ","F","C3","Perennial",737,0.4293,29.21309,0.2663795,NA,161.6779,NA,0.3484828,NA,NA,NA,NA,"","",-1.17323809794981,-0.122838176148858,-0.744130087227865,0.306269834573087,-0.718497636079562,0.314895248542127,-0.556490703280994,0.0841704857079051,1.05039992180095,1.05039992180095
"Asterericoides","","KNZ","F","C3","Perennial",NA,NA,NA,NA,NA,NA,NA,NA,NA,NA,NA,NA,"","",5.96607139774121,13.7164755909259,-7.35636279019733,0.394041402987366,-0.623771825303061,-1.1302467001021,-0.554018068847908,-2.63410492028573,7.75040419318469,7.75040419318469
"Baptisiabracteata","TRY/KZ","KNZ","F","C3","Perennial",298,NA,NA,NA,NA,168.35017,NA,0.22,NA,NA,NA,NA,"","",2.4723657506502,4.62444001298541,-0.439086286017111,1.7129879763181,-1.31531406861907,-0.093309117475545,-1.36529766031265,-0.568721602064124,2.15207426233521,2.15207426233521
"Boutelouacurtipendula","TRY/KZ","KNZ","G","C4","Perennial",684.95,0.1827286,100.63455,0.5510436,0.884,158.85329,0.425945204,0.5498623,4.08076,-3.0114032,NA,NA,"","",-0.543301187328687,-6.28662076689993,6.9293831700954,1.18606359052416,-0.827727901508544,0.348896938647556,-0.76046207630105,1.46183048212449,-5.74331957957125,-5.74331957957125
"Carexbrevior","TRY/KZ","KNZ","G","C3","Perennial",NA,NA,NA,NA,NA,208.33333,NA,0.3428571,NA,NA,NA,NA,"","",-6.11287275929459,-0.491489920566991,-5.26498186672362,0.356400972003979,-0.657903811165206,1.3173247652614,-0.351488099953279,0.166757525519444,5.6213828387276,5.6213828387276
"Carexheliophila","","KNZ","G","C3","Perennial",NA,NA,NA,NA,NA,NA,NA,NA,NA,NA,NA,NA,"","",1.68188941130183,1.3552566722908,1.09746371896441,0.770830979953391,-0.467808415114486,-0.196649481914484,-0.416554163462257,-0.11562076250246,-0.326632739011024,-0.326632739011024
"Carexmeadii","TRY/KZ","KNZ","G","C3","Perennial",440,NA,NA,NA,NA,208.98642,NA,0.435,NA,NA,NA,NA,"","",2.71756348170446,6.38191297535387,-2.79818584749501,0.866163646154406,-0.746918879918729,-0.276765757521973,-0.622808818189637,-1.09642575653926,3.66434949364941,3.66434949364941
"Daleacandida","TRY/CAN","KNZ","F","C3","Perennial",646,0.3093429,109.4984,0.11247663,NA,87.10801,NA,0.41,NA,NA,NA,NA,"","",5.65473593875746e-14,-12.9693692992184,14.0299280334445,1.06055873422613,-0.713246763236923,-1.11988705124105e-14,NA,2.73889229775451,-12.9693692992184,-12.9693692992184
"Daleapurpurea","TRY/CAN","KNZ","F","C3","Perennial",356,0.2737571,142.3345,0.08867978,NA,59.52381,0.322112942,0.48,NA,NA,NA,NA,"AS/HAYS","",-6.04218979776739,-5.76669999289035,NA,NA,0.0322845884299818,1.19053849537743,NA,NA,0.275489804877036,NA
"Dichantheliumacuminatum","","KNZ","G","C3","Perennial",NA,NA,NA,NA,NA,NA,NA,NA,NA,NA,NA,NA,"","",4.38745900400734,4.54083739099039,NA,NA,-0.290090210911767,-0.794290175370446,-0.809263920069886,NA,0.153378386983049,NA
"Dichantheliumoligosanthes","","KNZ","G","C3","Perennial",491.5,NA,NA,NA,NA,NA,NA,NA,NA,NA,NA,NA,"","",1.18003631991176,0.747065702983568,0.681063278562554,0.248092661634361,-0.385524552977601,-0.170117065163064,-0.395401747399679,-0.0981993767530453,-0.432970616928192,-0.432970616928192
"Eragrostisspectabilis","TRY/KZ","KNZ","G","C4","Perennial",255.16,NA,NA,NA,NA,130.20833,NA,0.48,NA,NA,NA,NA,"","",-2.03719140679287,22.541290480019,-23.1387072169807,1.43977466983116,-0.727693108853276,0.561084242833497,-1.35021707284579,-4.14907900721092,24.5784818868119,24.5784818868119
"Euphorbianutans","TRY/KZ","KNZ","F","C4","Annual",392.778,0.2007,118.83351,0.2662963,NA,120.62555,NA,0.6320513,NA,NA,NA,NA,"","",-2.12591931287271,-0.560998709440774,-1.52627069347898,0.038649909952954,-0.424564104168317,0.440407398503586,0.485819941271142,0.117768174920648,1.56492060343194,1.56492060343194
"Koeleriapyramidata","ST/KUT","KNZ","G","C3","Perennial",241,0.127,283.3,0.334,0.516666667,160.7,0.401028467,0.487,2.385375,-1.435339472,1.385,NA,"DB/HPG","",7.62556328622262,-6.5443198333208,14.6089159233736,0.439032803830194,-1.46746753309489,-1.40333856135109,-0.853722252733179,1.38351388999211,-14.1698831195434,-14.1698831195434
"Lespedezacapitata","TRY/KZ","KNZ","F","C3","Perennial",1103.8267,0.29655,47.51332,0.2451018,NA,145.57249,NA,0.4489346,NA,NA,NA,NA,"","",-4.21384212491998,-1.49543635629262,-2.09963716768243,0.618768600944926,-0.469034138864113,0.889654386154047,-0.746637565190593,0.42005606592936,2.71840576862736,2.71840576862736
"Oxalisstricta","TRY/KZ","KNZ","F","C3","Perennial",293.0083,NA,NA,NA,NA,255.10204,0.169414116,0.28,8.438333,NA,NA,NA,"AS/HAYS","",-7.73551266813436,-7.64851079085524,NA,NA,-0.605767933178147,1.55228678683534,NA,NA,0.0870018772791159,NA
"Physalispumila","TRY/KZ","KNZ","F","C3","Perennial",NA,NA,NA,NA,NA,96.62921,NA,0.3980322,NA,NA,NA,NA,"","",-0.553589656777103,-5.21591114272415,5.34714020611228,0.684818720165223,-0.405910408065401,0.141366486992406,-0.484801500382371,1.1517605500137,-4.66232148594705,-4.66232148594705
"Psoraleatenuiflora","TRY/KZ","KNZ","F","C3","Perennial",NA,0.3176333,34.26263,0.4262845,NA,100.06946,NA,0.3569595,NA,NA,NA,NA,"","",-0.93802740173198,2.10645115999427,-2.11172225508813,0.932756306638111,-0.232530936685135,0.239252104356366,-0.37814751496165,-0.232176978359959,3.04447856172625,3.04447856172625
"Ruelliahumilis","TRY/KZ","KNZ","F","C3","Perennial",462.24,0.4353308,18.4011,0.4080305,NA,183.83798,NA,0.3521468,NA,NA,NA,NA,"","",2.95135543011657,0.521594537323921,2.45483081921462,0.0250699264219669,-0.344547842356732,-0.528154499418769,-0.0880621111931943,-0.0978313430444386,-2.42976089279265,-2.42976089279265
"Schizachyriumscoparium","TRY/KZ","KNZ","G","C4","Perennial",914.125,0.18795,83.09856,0.4620642,0.9905,180.91661,0.341577904,0.7731486,2.43956,-2.254976,NA,NA,"AS/HAYS","",4.13402789345835,5.38820971083676,0.286477050529743,1.54065886790816,-0.429830597987537,-0.553054616345692,-0.546976321975448,-0.791304629081622,1.25418181737841,1.25418181737841
"Solidagomissouriensis","AS/HAYS; TRY/KZ","KNZ","F","C3","Perennial",914.4,NA,NA,NA,NA,73.36757,0.348382413,0.47,NA,NA,NA,NA,"","",-1.04113771424925,13.0589609832402,-13.3756677580602,0.724430939429208,-0.723107588647917,0.304244370555281,-0.310873029249564,-2.42404491074571,14.1000986974895,14.1000986974895
"Sorghastrumnutans","TRY/KZ","KNZ","G","C4","Perennial",1808.6,0.2391222,78.17856,0.3155044,NA,161.68391,NA,0.4946784,NA,NA,NA,NA,"","",2.89565007563263,1.22078428991088,4.34129634533357,2.66643055961181,-0.486817998496851,-0.211111613149309,-0.783724998891384,0.299226586622085,-1.67486578572176,-1.67486578572176
"Sporobolusasper","","KNZ","G","C4","Perennial",952.2,NA,NA,NA,NA,NA,NA,NA,NA,NA,NA,NA,"","",3.14886265717281,0.453222705309504,3.88354970954147,1.18790975767816,-0.579762443477231,-0.341196548070495,-0.794021555193325,0.145319652352385,-2.69563995186331,-2.69563995186331
"Verbenastricta","TRY/KZ","KNZ","F","C3","Perennial",900,NA,NA,NA,NA,115.94203,NA,0.2875,NA,NA,NA,NA,"","",1.58882185807825e-14,-42.6900097732664,43.193349228524,0.50333945525756,NA,-1.46410663424876e-15,NA,8.60192348415926,-42.6900097732664,-42.6900097732664
"Artemisiafrigida","DB/CPER","SGS","F","C3","Perennial",338.4,0.24195,70.28428596,NA,1.02,169.4188881,0.430576332,0.33609394,0.6698,-2.2888,1.943,NA,"DB/HPG","",1.28105200010892,-0.492211420651216,3.02715402461297,1.25389060385284,-0.678231299595329,0.0911393664594613,-0.706399367762837,0.380373100885588,-1.77326342076013,-1.77326342076013
"Boutelouagracilis","DB/CPER","SGS","G","C4","Perennial",231.36,0.183741667,123.04093,0.3752851,0.56,125.5501051,0.480014021,0.412646057,1.018,-2.1479208,1.857,NA,"DB/HPG","",3.79325024095202,3.63163171052117,2.12373951360442,1.96212098317356,-0.971357525624484,-0.0589322946665546,-0.735589464814464,-0.460469150987443,-0.161618530430852,-0.161618530430852
"Buchloedactyloides","TRY/ all","SGS","G","C4","Perennial",NA,NA,NA,NA,0.78,131.75231,0.61125,NA,NA,NA,NA,NA,"","",2.46184455940155,0.404931402132105,3.09431130989246,1.03739815262301,-1.09287335434699,-0.38697256367986,-1.06826934005508,0.146108288727195,-2.05691315726944,-2.05691315726944
"Carexeleocharis","DB/CPER","SGS","G","C3","Perennial",126.52,0.1892,76.88056507,NA,0.716666667,110.0503329,0.40284305,NA,1.11075,-2.15417688,1.753,NA,"DB/HPG","",-1.3579680940804,-1.42216938435089,0.780894485476937,0.716693195206455,-0.470274253954671,0.482675020287038,-0.537270879043718,0.498437314761968,-0.064201290270482,-0.064201290270482
"Cirsiumundulatum","DB/CPER","SGS","F","C3","Perennial",491.4,NA,NA,NA,NA,92.92159789,0.261275317,0.41,46.19333333,-0.883358496,1.971428571,NA,"","",1.2546841108326e-14,-5.79230850978423,5.99605708003985,0.203748570255606,-0.352064586860841,-2.62142349326457e-15,NA,1.33430914707671,-5.79230850978424,-5.79230850978424
"Conyzacanadensis","","SGS","F","C3","Annual",966.5909,NA,NA,NA,NA,0.00924,NA,NA,NA,NA,NA,NA,"","",-6.2686858479069,-3.01980662698043e-14,-6.26868584790687,8.88178419700125e-16,-0.87878049463779,1.62213807412456,NA,6.66133814775094e-15,6.26868584790687,6.26868584790687
"Cryptanthaminima",NA,NA,NA,NA,NA,NA,NA,NA,NA,NA,NA,NA,NA,NA,NA,NA,NA,NA,NA,268.279924092463,48.8442952508276,222.089295503669,2.65366666203388,-1.74936624949948,-59.9565633406004,-4.97378042451556,-10.2100859302574,-219.435628841635,-219.435628841635
"Echinocereusviridiflorus",NA,NA,NA,NA,NA,NA,NA,NA,NA,NA,NA,NA,NA,NA,NA,NA,NA,NA,NA,-7.41798960902719e-18,0.231705224850667,-0.19311854011243,0.0385866847382374,-1,-6.26161908278093e-18,-1.04624717060488,-0.0440840642904229,0.231705224850667,0.231705224850667
"Elymuselymoides","","SGS","G","C3","Perennial",NA,NA,NA,NA,NA,NA,NA,NA,NA,NA,NA,NA,"","",2.28485216270736,1.75334275272476,1.931198223258,1.3996888132754,-0.651993808653122,-0.142523558889475,-0.683199674002317,-0.077593688833822,-0.531509409982601,-0.531509409982601
"Ericamerianauseosa","","SGS","F","C3","Perennial",NA,NA,NA,NA,NA,NA,NA,NA,NA,NA,NA,NA,"","",1.1136987191615,-10.9049369661535,12.9485854894014,0.929949804086379,-0.0733156230559092,-0.21499781507038,-1.13793574286095,2.53675731861942,-12.018635685315,-12.018635685315
"Heterothecavillosa","DB/CPER","SGS","F","C3","Perennial",192.9333333,0.254566667,69.97353922,NA,0.8,125.3067938,0.328382588,NA,1.50075,-1.30543536,2.544,NA,"DB/HPG","",-2.08137571302166,-5.62998690006421,4.3575370630064,0.808925875963844,-0.867835088394216,0.518858868025712,-0.513730353138643,1.33692511752033,-3.54861118704255,-3.54861118704255
"Ipomopsislaxiflora","","SGS","F","C3","Biennial",NA,NA,NA,NA,NA,NA,NA,NA,NA,NA,NA,NA,"","",3.14332075164974,7.15924560114719,-2.62827585478317,1.38764899471428,-0.891772770842377,-0.5653550695414,-1.83669726554868,-1.31364160022181,4.01592484949745,4.01592484949745
"Lepidiumdensiflorum","DB/CPER","SGS","F","C3","Annual",175.28,0.119727767,317.5002833,0.40364305,1.816666667,175.1400009,0.190562613,0.46227389,0.68675,-0.949672944,3.816,NA,"DB/HPG","",0.536013292542536,0.746492333576017,-0.0656255407103317,0.144853500323149,-0.949660855712399,-0.0667487875414069,-1.05321667922258,-0.127410068973751,0.21047904103348,0.21047904103348
"Machaerantheratanacetifolia",NA,NA,NA,NA,NA,NA,NA,NA,NA,NA,NA,NA,NA,NA,NA,NA,NA,NA,NA,-1.6397810001498,10.1497948325441,-11.7990633853272,-0.00948755263329559,-1.06794400604342,0.759585515722719,-0.534319555474389,-2.30968534969899,11.7895758326939,11.7895758326939
"Oenotherasp.","","SGS","","","",NA,NA,NA,NA,NA,NA,NA,NA,NA,NA,NA,NA,"","",0.488152711332507,-1.58456732926281,2.70183712025262,0.629117079657304,-0.665184856751855,-0.050324969160103,-1.28321471695401,0.498300525594664,-2.07272004059532,-2.07272004059532
"Opuntiapolyacantha","","SGS","S","C3","Perennial",609.6,NA,NA,NA,NA,NA,NA,NA,NA,NA,NA,NA,"","",0.317611530890855,0.798094377115325,-0.206063277535188,0.274419568689282,-0.145055333926553,-0.0213810111460284,-0.275542753601904,-0.121877793660198,0.48048284622447,0.48048284622447
"Plantagopatagonica","DB/CPER","SGS","F","C3","Annual",94.12,0.168471429,264.2943584,NA,1.25,125.8134807,0.228196907,NA,1.64475,-0.9627412,2.055,NA,"DB/HPG","",0.660633967146434,2.080285219693,0.198264318742807,1.61791557128938,-1.67188901125674,0.533675475699421,-1.20617616907199,-0.100993705553433,1.41965125254657,1.41965125254657
"Salsolatragus","","SGS","F","C4","Annual",NA,NA,NA,NA,NA,NA,NA,NA,NA,NA,NA,NA,"","",0.891668952813759,11.0774804963974,-9.65637157702138,0.529439966562215,-1.0364302613798,-0.134476497389123,-1.44139763096603,-2.4872293273719,10.1858115435836,10.1858115435836
"Sisymbriumaltissimum","TRY/global","SGS","F","C3","Annual",906.45835,NA,NA,NA,NA,208,0.1219667,NA,NA,NA,NA,NA,"","",4.36710386055119,4.72765342605935,NA,NA,-0.943938162199575,-0.915404015213082,NA,NA,0.360549565508157,NA
"Sphaeralceacoccinea","DB/CPER","SGS","F","C3","Perennial",132.24,0.274783335,99.97988,0.133333333,1.5,102.8873489,0.335130805,0.22081766,4.9,-1.77186088,3.143,NA,"DB/HPG","",1.99535839514724,1.89708158367063,1.04226646252274,0.943989651046123,-0.347737119448894,-0.288528895194009,-0.452831891663588,-0.219056677082184,-0.0982768114766144,-0.0982768114766142
"Thelespermafilifolium","","SGS","F","C3","Annual",NA,NA,NA,NA,NA,NA,NA,NA,NA,NA,NA,NA,"","",7.84851049836897,-2.84463853159247,12.7106507650542,2.0175017350928,-0.426862326611229,-1.52543741766575,-0.729935330184759,1.06377028598549,-10.6931490299614,-10.6931490299614
"Tragopogondubius","DB/CPER","SGS","F","C3","Biennial",389.08,0.434975,22.84106,0.3711031,1.137,173.150804,0.197718638,0.3306402,9.15,-1.074377472,3.029,NA,"","",0.417431612090577,-4.51281578333335,6.12125712592242,1.19100973049849,-0.582378501444344,-0.000878010876109236,-1.51507976290647,1.21328529624815,-4.93024739542392,-4.93024739542392
"Vulpiaoctoflora","DB/CPER","SGS","G","C3","Annual",72.64,0.12178,484.0989444,0.243376475,1.18,192.4544519,0.382109717,0.7305598,0.1421,-1.804843108,1.775555556,NA,"DB/HPG","",1.14784452425988,0.979116949282813,3.40875753524583,3.24002996026876,-1.14479101224729,0.358475168911205,-1.18545612950575,0.51591884479144,-0.168727574977072,-0.168727574977071
"Allioniaincarnata","AS/NM","SBU","F","C4","Perennial",NA,NA,NA,NA,NA,NA,0.234886336,NA,NA,-2.0904368,NA,NA,"","from one other site data, see notes ",-3.63405990037601,-7.74585606589539,NA,NA,-1.66416520318797,1.0943957463775,NA,NA,-4.11179616551937,NA
"Astragalusfeensis","","SBU","F","C3","Perennial",NA,NA,NA,NA,NA,NA,NA,NA,NA,NA,NA,NA,"","",0.889822046180621,0.45598077179934,0.132910862968723,-0.300930411412558,0.0379437634334596,0.115182672160103,-0.375389391445996,-0.239501265505508,-0.433841274381281,-0.433841274381281
"Astragalussp.",NA,NA,NA,NA,NA,NA,NA,NA,NA,NA,NA,NA,NA,NA,NA,NA,NA,NA,NA,-1.71512254336431,-4.27896805171531,0.451778485275036,-2.11206702307596,-0.819542605815254,-0.205881403139187,-0.751915724245228,0.746974891395405,-2.563845508351,-2.563845508351
"Chamaesycelata","","SBU","F","C4","Perennial",NA,NA,NA,NA,NA,NA,NA,NA,NA,NA,NA,NA,"","",1.33607029019007,2.87201287074199,-2.11727091380761,-0.581328333255694,-0.441453676800598,-0.343555454706728,-0.36031824319447,-1.06559462690389,1.53594258055192,1.53594258055192
"Chamaesyceserrula","","SBU","F","C4","Annual",NA,NA,NA,NA,NA,NA,NA,NA,NA,NA,NA,NA,"","",-4.57374730449222,-6.81506323686336,4.60413983491365,2.36282390254251,-0.738993099512585,1.82118558093631,0.956193850225391,2.58487533255783,-2.24131593237114,-2.24131593237114
"Cryptanthacrassisepala","","SBU","F","C3","Annual",NA,NA,NA,NA,NA,NA,NA,NA,NA,NA,NA,NA,"","",-0.269734716648719,1.57220622544227,-1.41331523964265,0.428625702448347,-0.568031647452621,0.100206840159869,-0.769979909817896,-0.353253663861199,1.84194094209099,1.84194094209099
"Descurainiapinnata","","SBU","F","C3","Annual",600,NA,NA,NA,NA,NA,NA,NA,NA,NA,NA,NA,"","",6.38706952754699,-0.0939274669930876,6.58948505918253,0.108488064642454,-0.435363987106378,-1.53047607868723,-0.781107641523148,0.0613253791660167,-6.48099699454008,-6.48099699454008
"Euphorbiaexstipulata","","SBU","F","C3","Perennial",NA,NA,NA,NA,NA,NA,NA,NA,NA,NA,NA,NA,"","",2.39578533702024,-7.46088905152551,8.56014406337233,-1.29653032517342,-0.260828154159347,-0.223884221725393,-1.83210661400286,1.7255323598936,-9.85667438854575,-9.85667438854575
"Gutierreziasarothrae","AS/AZ","SBU","S","C3","Perennial",230,0.2064,88.03055556,0.36,1.24,100.1001,0.39024694,0.15435775,0.19084,-2.6681648,1.534,NA,"AS/MO","",-0.614823929826716,1.63558596840992,-1.51038545208178,0.740024446154853,-0.601318451485983,0.507246805089295,-0.666098741905815,-0.273144608686825,2.25040989823664,2.25040989823664
"Hoffmannseggiadrepanocarpa","","SBU","F","C3","Perennial",NA,NA,NA,NA,NA,NA,NA,NA,NA,NA,NA,NA,"","",-2.21515176012333,1.04593724954833,-3.9527407573973,-0.691651747725637,-0.54832792796869,0.454097210876011,-0.403361815134262,-0.513445425924023,3.26108900967166,3.26108900967166
"Ipomopsispumila",NA,NA,NA,NA,NA,NA,NA,NA,NA,NA,NA,NA,NA,NA,NA,NA,NA,NA,NA,-74.1237234948195,1.92813825593976,-77.7089701362016,-1.65710838544238,0.537419665631551,20.5566389889098,-0.561605614342145,-1.09846807474996,76.0518617507592,76.0518617507592
"Kallstroemiaparviflora",NA,NA,NA,NA,NA,NA,NA,NA,NA,NA,NA,NA,NA,NA,NA,NA,NA,NA,NA,-0.731512468565569,-3.43423650120791,NA,NA,-1.66491823538265,1.15703452992821,-3.52799351016257,NA,-2.70272403264234,NA
"Lesquerellafendleri","","SBU","F","C3","Perennial",NA,NA,NA,NA,NA,NA,NA,NA,NA,NA,NA,NA,"","",-4.39382759650757,-0.262440943729748,-3.35598480581807,0.775401846959743,-0.953235690132546,1.42698169470847,-0.646140031498037,0.349244885660817,4.13138665277782,4.13138665277782
"Linumpuberulum",NA,NA,NA,NA,NA,NA,NA,NA,NA,NA,NA,NA,NA,NA,NA,NA,NA,NA,NA,16.8046466017909,-0.184042973859473,12.9081844472688,-4.08050512838157,-1.50366682164949,-5.04281079864159,-1.3471907147626,-1.34763423991794,-16.9886895756504,-16.9886895756504
"Machaerantherapinnatifida","","SBU","F","C3","Perennial",NA,NA,NA,NA,NA,NA,0.365723939,NA,NA,NA,NA,NA,"","",-13.2469356348176,9.20246500826819,-25.0371730654172,-2.58777242233139,-1.09775674287986,3.35410976340397,-1.06002951796892,-3.5301304946491,22.4494006430858,22.4494006430858
"Muhlenbergiaarenicola","","SBU","G","C4","Perennial",NA,NA,NA,NA,NA,NA,NA,NA,NA,NA,NA,NA,"","",-1.14001718736533,-2.16755496389885,0.485742808937532,-0.54179496759599,0.0519302119791035,0.337583222447355,-0.201800187914971,0.463496151109633,-1.02753777653352,-1.02753777653352
"Oenotheracaespitosa","","SBU","F","C3","Perennial",152.4,NA,NA,NA,NA,NA,NA,NA,NA,NA,NA,NA,"","",0.347805849261881,1.04061696751614,-2.32882600787543,-1.63601488962117,-0.679410053047358,-0.482563787551376,-0.103996537383917,-0.856463656633188,0.692811118254262,0.692811118254262
"Phaceliacrenulata","","SBU","F","C3","Annual",NA,NA,NA,NA,NA,NA,NA,NA,NA,NA,NA,NA,"","",-0.397975967632162,-0.242139377406294,1.44143583296914,1.597272423195,-0.7558281894528,0.0239319667576841,-1.66713822224176,0.655723667727941,0.155836590225868,0.155836590225868
"Plantagopatagonica","","SBU","F","C3","Annual",118.8675,0.168471429,264.2943584,NA,1.25,118.4989024,0.239156986,NA,1.421875,-0.69552658,1.6745,NA,"DB/HPG","",-1.76797106617358,0.283712606507067,-1.97725947189116,0.0744242007894886,-0.647507866116957,0.435466978021068,-0.792449936468593,-0.0694184859463083,2.05168367268065,2.05168367268065
"Pleuraphisjamesii","","SBU","G","C3","Perennial",609.6,NA,NA,NA,NA,NA,NA,NA,NA,NA,NA,NA,"","",4.64662922399894,4.91338193652053,NA,NA,-3.53011377817598,-1.81419469354001,-0.305926463465094,NA,0.266752712521591,NA
"Sphaeralceapolychroma","","SBU","F","C3","Perennial",NA,NA,NA,NA,NA,NA,NA,NA,NA,NA,NA,NA,"","",-0.354764484737384,0.625170135429078,-1.99300667059471,-1.01307205042824,-0.341307258751676,0.0405737529457649,-0.49744741245848,-0.513405859354487,0.979934620166462,0.979934620166462
"Sporobolussp.","","SBU","G","C4","Perennial",NA,NA,NA,NA,NA,NA,NA,NA,NA,NA,NA,NA,"","",0.410507213035558,1.05107728949565,-2.01344489026181,-1.37287481380173,-0.163987642346232,-0.0660877274415088,-0.0492044778207214,-0.691556298680902,0.640570076460088,0.640570076460088
"Allioniaincarnata","AS/NM","SBK","F","C4","Perennial",NA,NA,NA,NA,NA,NA,0.234886336,NA,NA,-2.0904368,NA,NA,"","",-14.432611184035,-7.96029822284559,NA,NA,2.09272252726327,2.31977705402699,-2.28257871728244,NA,6.47231296118936,NA
"Alliummacropetalum","","SBK","F","C3","Perennial",NA,NA,NA,NA,NA,NA,NA,NA,NA,NA,NA,NA,"","",-21.7244441365242,-2.11658662898853,-21.70129281057,-2.09343530303433,-3.32167474926664,4.34092058940462,-1.1296860001797,0.00699232125699201,19.6078575075357,19.6078575075357
"Aristidaadscensionis","TRY/global","SBK","G","C4","Annual",293.3333,NA,NA,NA,NA,221.40303,NA,NA,NA,NA,NA,NA,"","",-0.404883733460181,-6.30175815890063,NA,NA,2.73716056186524,1.41895243306028,-4.44422815125453,NA,-5.89687442544045,NA
"Astragalusfeensis","","SBK","F","C3","Perennial",NA,NA,NA,NA,NA,NA,NA,NA,NA,NA,NA,NA,"","",-4.01174822394992,-4.34567629441885,NA,NA,0.0498790958833234,1.56280350650646,0.402703840911147,NA,-0.333928070468923,NA
"Astragalussp.",NA,NA,NA,NA,NA,NA,NA,NA,NA,NA,NA,NA,NA,NA,NA,NA,NA,NA,NA,2.55221575633773,-2.16364836378274,NA,NA,-0.159357199049936,-0.655106552100382,-1.83603424862225,NA,-4.71586412012047,NA
"Boutelouaeriopoda","AS/NM","SBK","G","C4","Perennial",609.6,NA,NA,NA,NA,NA,0.358500582,NA,NA,-2.6979008,NA,NA,"","",0.1539645995461,3.41430344850595,-3.16455453012278,0.0957843188370733,-0.162910101985993,0.0835379082525267,-0.519072372389318,-1.06172785483227,3.26033884895985,3.26033884895985
"Boutelouagracilis","TRY/AZ","SBK","G","C4","Perennial",345,0.183741667,123.04093,0.3752851,0.56,128.68109,0.41375,0.412646057,1.09699,-2.517091661,1.6829445,NA,"DB/HPG","",1.08628191251148,0.310684143459517,1.33141924797875,0.555821478926785,-0.309501032737241,-0.0400906146191332,-0.511259584204221,0.09957175420399,-0.775597769051964,-0.775597769051964
"Chamaesycealbomarginata","","SBK","G","C4","Perennial",NA,NA,NA,NA,NA,NA,NA,NA,NA,NA,NA,NA,"","",-1.73762992382485,5.62327932219486,-7.70351420192087,-0.34260495590116,-0.721773354790841,0.550106775231851,-0.680385343847888,-1.81743708484849,7.36090924601971,7.36090924601971
"Chamaesyceserpyllifolia","TRY/AZ","SBK","F","C4","Annual",15.27778,NA,NA,NA,NA,NA,NA,NA,NA,NA,NA,NA,"","",2.66503908108291,-2.1023238290151,6.15823251393474,1.39086960383673,-0.899992926307465,-0.63265696897788,-1.13735507598225,1.10701188303736,-4.76736291009801,-4.76736291009801
"Dasyochloapulchella","AS/NM","SBK","G","C4","Perennial",NA,NA,NA,NA,NA,NA,0.440023543,NA,NA,-4.6562288,NA,NA,"","",-6.35266358822214,-5.24826762733671,-1.84012777734448,-0.73573181645906,-0.584914158363361,1.57099489941547,-0.678172072985909,1.49780485951251,1.10439596088542,1.10439596088542
"Descurainiapinnata","","SBK","F","C3","Annual",600,NA,NA,NA,NA,NA,NA,NA,NA,NA,NA,NA,"","",14.0762984101552,10.8796711213403,NA,NA,-0.682341414359627,-3.80611105902404,-1.0567354126223,NA,-3.19662728881483,NA
"Echinomastusintertextus","","SBK","S","CAM","Perennial",NA,NA,NA,NA,NA,NA,NA,NA,NA,NA,NA,NA,"","",0.553540042037229,0.0765496340360295,0.392301460272698,-0.0846889477285013,-0.176516424423468,-0.145025461381684,-0.23485422321322,-0.0481406714586238,-0.4769904080012,-0.4769904080012
"Escobariavivipara","","SBK","S","CAM","Perennial",NA,NA,NA,NA,NA,NA,NA,NA,NA,NA,NA,NA,"","",2.61284460655174,3.98392206806323,NA,NA,-1.76832296179258,-1.73318057721849,NA,NA,1.37107746151149,NA
"Euphorbiaexstipulata","","SBK","F","C3","Perennial",NA,NA,NA,NA,NA,NA,NA,NA,NA,NA,NA,NA,"","",-3.21615488217678,7.77955267380557,-9.39661577682887,1.59909177915347,-2.4883957961137,0.406900158986313,0.402002465051035,-1.70651978324615,10.9957075559823,10.9957075559823
"Gauracoccinea",NA,NA,NA,NA,NA,NA,NA,NA,NA,NA,NA,NA,NA,NA,NA,NA,NA,NA,NA,2.93870742961199,3.74903456467872,-1.61241329443343,-0.802086159366697,-0.854079661556727,-1.07065553495447,-0.624595430558234,-1.3659437526974,0.810327135066735,0.810327135066735
"Glandulariabipinnatifida","TRY/KZ","SBK","F","C3","Perennial",NA,NA,NA,NA,NA,144.3609,NA,0.2770833,NA,NA,NA,NA,"","",18.0107180144065,1.14444886905974,18.3783138129422,1.51204466759543,-0.0624463712195282,-5.18468470886696,0.414604253267061,0.11674732684837,-16.8662691453467,-16.8662691453467
"Kallstroemiaparviflora",NA,NA,NA,NA,NA,NA,NA,NA,NA,NA,NA,NA,NA,NA,NA,NA,NA,NA,NA,-0.167414015938193,0.0953101798043248,NA,NA,-1.08675506435475,NA,NA,NA,0.262724195742518,NA
"Lepidiumdensiflorum","TRY/AZ","SBK","F","C3","Annual",320,0.15235,0.15235,0.40364305,1.421,223.95658,0.1758455,0.46227389,2.4471636,-0.839135831,3.707,NA,"DB/HPG","",16.6687908911145,0.155341855277797,15.9219074387487,-0.591541597087977,-0.455248908373021,-4.65751824648063,-0.859901567960972,-0.235967236910218,-16.5134490358367,-16.5134490358367
"Lotusplebeius","","SBK","F","C3","Perennial",NA,NA,NA,NA,NA,NA,NA,NA,NA,NA,NA,NA,"","",1.02632472298755,-3.65000825156667,4.47070536896548,-0.205627605588743,-0.626998151186273,-0.110290179352807,-0.565912400018408,1.06732120931102,-4.67633297455422,-4.67633297455422
"Muhlenbergiaarenicola","","SBK","G","C4","Perennial",NA,NA,NA,NA,NA,NA,NA,NA,NA,NA,NA,NA,"","",1.65656206225554,11.6195237908039,-11.6689109293851,-1.7059492008367,-0.406225265234282,-0.374507866604073,-0.0797573574015017,-3.92248014978595,9.96296172854837,9.96296172854837
"Oenotheracaespitosa","","SBK","F","C3","Perennial",152.4,NA,NA,NA,NA,NA,NA,NA,NA,NA,NA,NA,"","",41.7984260630674,-5.25244163749713,48.7698343621975,1.71896666163295,-1.33919382512322,-12.8339434356619,0.0634923652016175,2.06608083407467,-47.0508677005645,-47.0508677005645
"Plantagopatagonica","","SBK","F","C3","Annual",118.8675,0.168471429,264.2943584,NA,1.25,118.4989024,0.239156986,NA,1.421875,-0.69552658,1.6745,NA,"DB/HPG","",3.18286459073181,2.37408434116759,1.97982038755987,1.17104013799565,-0.403654491693155,-0.594666423175605,-0.807508055842075,-0.383474736655633,-0.80878024956422,-0.80878024956422
"Salsolatragus","","SBK","F","C4","Annual",NA,NA,NA,NA,NA,NA,NA,NA,NA,NA,NA,NA,"","",-2.56555113997283,1.67986469738656,-4.43049929350281,-0.185083456143416,-0.691990503136196,0.210966667154737,-1.30993339146581,-0.596000571450234,4.24541583735939,4.2454158373594
"Sennabauhinioides","","SBK","F","C3","Perennial",NA,NA,NA,NA,NA,NA,NA,NA,NA,NA,NA,NA,"","",-4.45394477014156,0.119211877294871,-5.4950784830338,-0.92192183559737,-0.39204410610516,1.47393783281555,-0.737808112452681,-0.330233344572689,4.57315664743643,4.57315664743643
"Sphaeralceahastulata","","SBK","F","C3","Perennial",NA,NA,NA,NA,NA,NA,NA,NA,NA,NA,NA,NA,"","",-3.78319781731501,-1.34362516704872,-2.6879026424937,-0.248329992227408,-0.0280622110009871,0.974085508976025,-0.318758174109495,0.348982914691746,2.43957265026629,2.43957265026629
"Sphaeralceapolychroma","","SBK","F","C3","Perennial",NA,NA,NA,NA,NA,NA,NA,NA,NA,NA,NA,NA,"","",2.6106807749816,7.46805658879562,-5.28301396361737,-0.425638149803337,-0.77649156883656,-0.779963382032673,-0.24048014788051,-2.40447500315371,4.85737581381403,4.85737581381403
"Sporobolussp.","","SBK","G","C4","Perennial",NA,NA,NA,NA,NA,NA,NA,NA,NA,NA,NA,NA,"","",2.60614198259091,-3.07343900869783,6.17465543381008,0.495074442521344,-0.400540468898718,-0.708836781569381,-0.619742137366438,1.12629305639413,-5.67958099128874,-5.67958099128874
"Stephanomeriapauciflora","","SBK","F","C3","Perennial",NA,NA,NA,NA,NA,NA,NA,NA,NA,NA,NA,NA,"","",4.44870835956717,3.04447424341001,1.1423486867533,-0.261885429403859,-0.799959789413455,-1.20647527297816,-0.717556433492119,-0.991749989470147,-1.40423411615716,-1.40423411615716
"Zinniagrandiflora","AS/NM","SBK","F","C3","Perennial",NA,NA,NA,NA,NA,NA,0.444217033,NA,NA,-4.05561824,NA,NA,"","",-2.95131365718592,3.42850100218819,-6.56855135724083,-0.188736697866733,-0.605428689837839,0.622059236902187,-0.280156449522204,-1.10412102536309,6.3798146593741,6.3798146593741
