Species,grassland_type,height.x,rootdiam.x,SRL.x,RTD.x,rootN.x,SLA.x,LDMC.x,LTD.x,leafarea.x,TLP.x,leafN.x,meanabscov,relcov_height,relcov_SLA,relcov_SRL,relcov_LTD,relcov_RTD,relcov_LDMC,relcov_leafarea,relcov_rootdiam,relcov_rootN,relcov_leafN,author.location,site,Photosynthesis,annual.Perennial,height.y,rootdiam.y,SRL.y,RTD.y,rootN.y,SLA.y,LDMC.y,LTD.y,leafarea.y,TLP.y,leafN.y,weight,effectN,effectND,intrinsicdiff,invasiondiff,condiff,chrdiff,weight2,grass.forb,relcov_total
Achilleamillefolium,Southern Mixed,563.5836313,NA,NA,NA,NA,125.4982501,0.395257447,0.478710562,NA,-2.709660278,NA,6.217391304,88.57402327,76.57258949,66.56882201,82.47816617,66.56882201,76.44814583,73.00668407,61.98748416,61.04936177,25.01019728,ST/KUT; TRY/KZ,HYS,C3,Perennial,403.59167,0.2537,73.90947,0.3156046,0.685,169.867,0.28098,0.272,2.3824048,-1.8366896,NA,0.711255052,-1.535394514,-4.240969744,0.243466745,-0.139465352,-0.166997728,-0.549929825,1.405965409,Other,99.11611304
Alliumtextile,Northern Mixed,166.6779881,0.217889387,142.8113086,NA,0.869069729,106.9734083,0.366082959,NA,1.70344614,-1.586019097,1.918528065,3.028571429,98.89596997,99.10982039,95.87830673,68.60513272,60.33663114,99.10982039,98.55807257,96.43058893,96.60773606,97.82864324,DB/HPG,CHY,C3,Perennial,304.8,0.2355,NA,NA,NA,101.8584,0.135925364,0.08137136,1.24325,-0.34556153,2.815,0.523840176,0.535266105,0.989758384,-0.342580046,-0.307512871,0.092546748,0.127613922,1.9089792,Other,99.4477178
Ambrosiapsilostachya,Southern Mixed,567.0802489,NA,NA,NA,NA,NA,NA,0.467537663,NA,-2.694342348,NA,26.01162791,85.7600026,73.75856882,63.75480134,79.6641455,63.75480134,73.63412516,70.1926634,59.17346349,58.2353411,22.19617661,AS/HAYS,HYS,C3,Perennial,444.25,NA,NA,NA,1.29,108.6214169,0.2879133,0.67,4.920375,-2.73749216,NA,0.995558651,-1.177652312,-0.691612232,-0.246733293,-0.31402973,-0.159011452,-0.226307889,1.004461163,Other,96.30209237
Ambrosiapsilostachya,Tallgrass,NA,0.236289511,63.18336422,0.437761616,NA,170.2050778,NA,0.50160688,NA,-2.148795467,NA,21.68,48.95045203,87.00036736,80.54747269,87.00036736,80.54747269,54.12590391,14.56123076,80.54747269,48.13162625,-2.947960824,AS/HAYS,KNZ,C3,Perennial,444.25,0.206,145.345,0.374,1.29,108.6214169,0.2879133,0.56,4.920375,-2.73749216,NA,0.757500391,-0.27080778,-2.167601052,0.25887925,0.098569764,-0.03411694,-0.194426427,1.320131331,Other,97.05203918
Amorphacanescens,Tallgrass,NA,0.238408225,65.48900862,0.423870871,NA,167.3727301,NA,0.511380777,NA,-2.182770973,NA,44.08333333,45.9041352,83.95405053,77.50115586,83.95405053,77.50115586,51.07958707,11.51491393,77.50115586,45.08530941,-5.994277659,AS/HAYS,KNZ,C3,Perennial,NA,0.194,73.78,0.586,NA,179.5875,0.624936769,0.3934341,NA,NA,NA,0.710593315,0.556256677,1.664218826,-0.480767566,-0.424774659,0.04717127,0.103164176,1.407274708,Other,94.00572234
Andropogongerardii,Tallgrass,NA,NA,NA,NA,NA,NA,NA,NA,NA,-2.419169184,NA,246.8846154,18.32801737,56.3779327,49.92503803,56.3779327,49.92503803,23.50346924,-16.0612039,49.92503803,17.50919159,-33.57039549,AS/HAYS; TRY/KZ,KNZ,C4,Perennial,NA,0.2409,45.38839,0.4841379,1.44,172.2349175,0.321700284,0.4786185,NA,-2.0594736,NA,0.474223214,-1.91821997,-1.50951895,0.897821983,0.995758158,-0.508229329,-0.410293154,2.108711617,Grass,66.42960451
Andropogonternarius,Southern Mixed,550.3169561,NA,NA,NA,NA,126.0045597,0.393951283,0.476518812,NA,-2.696967204,NA,11.51851852,87.82039575,75.81896197,65.81519449,81.72453864,65.81519449,75.6945183,72.25305655,61.23385663,60.29573424,24.25656975,TRY/USDA,HYS,C4,Perennial,1188.72,NA,NA,NA,NA,NA,NA,NA,NA,NA,NA,0.913170205,-6.462627042,-3.502123879,-0.531883587,-0.32867658,-0.825277057,-0.62207005,1.095086102,Grass,98.36248551
Aristidaadscensionis,Desert,NA,NA,NA,NA,NA,144.689235,NA,NA,NA,-2.37874922,1.755169249,1.25,72.08187225,89.18723778,48.33304923,41.91609276,41.91609276,69.14583364,54.92908218,48.08415594,48.08415594,80.53217693,TRY/global; sevLTER/ blue,SBK,C4,Annual,293.3333,NA,162.48222,NA,NA,265.2631,0.352607,NA,NA,NA,NA,0.433135739,0.094570581,-306.5709957,2.250810729,1.033307981,0.007318684,-1.210184064,2.308745067,Grass,99.10768013
Aristidapurpurea,Southern Mixed,587.0765981,NA,NA,NA,NA,NA,NA,0.473987622,NA,-2.697771809,NA,30.72164948,85.0904088,73.08897503,63.08520754,78.9945517,63.08520754,72.96453136,69.5230696,58.50386969,57.5657473,21.52658281,AS/HAYS,HYS,C4,Annual,73.5,0.2046,120.4515543,0.278714286,NA,103.569861,0.475938433,0.5223002,0.2265,-2.6865728,NA,0.811842948,-1.38964925,-1.511476716,-0.127741997,-0.332088008,-0.187335573,-0.391681584,1.231765334,Grass,95.63249857
Artemisiafrigida,Northern Mixed,163.3085888,0.216984724,145.8714087,NA,0.862751406,102.5957772,0.365456067,NA,1.767541902,-1.592194385,1.922344119,21.40816327,95.54431666,95.75816708,92.52665342,65.2534794,56.98497782,95.75816708,95.20641925,93.07893562,93.25608274,94.47698993,DB/HPG,CHY,C3,Perennial,268.68,0.24195,70.28428596,NA,1.02,213.6270654,0.348899798,0.33609394,0.075220945,-1.261089225,1.953,0.598627153,-4.665491052,-3.014255135,-0.487217898,-0.156395202,-0.972104771,-0.641282075,1.670488876,Other,96.09606448
Artemisiafrigida,Northern Shortgrass,172.411391,0.1704313,248.630382,NA,0.920398111,144.4804055,0.399493338,NA,1.13409996,-1.829890759,1.955999051,13.55882353,79.74685517,77.68049685,76.40274871,60.43673798,57.34303056,77.68049685,76.40274871,76.40274871,77.68049685,76.40274871,DB/CPER,SGS,C3,Perennial,338.4,0.24195,70.28428596,NA,1.02,169.4188881,0.430576332,0.33609394,0.6698,-2.2888,1.943,0.796213791,0.430834991,1.692993824,-0.819738094,-0.511104588,0.145068035,0.45370154,1.255944084,Other,96.90629258
Asclepiasverticillata,Tallgrass,NA,0.233410399,66.42803532,0.437087444,NA,168.1962344,NA,0.504556707,NA,-2.182770973,NA,5.672727273,51.12705779,89.17697312,82.72407845,89.17697312,82.72407845,56.30250967,16.73783652,82.72407845,50.30823201,-0.771355063,TRY/KZ; ST,KNZ,C3,Perennial,737,0.4293,29.21309,0.2663795,NA,167.08895,NA,0.3837415,NA,NA,NA,0.56240053,1.613788362,0.427663062,-0.039294489,-0.135725378,0.130779678,0.034348789,1.778092207,Other,99.22864494
Asterericoides,Southern Mixed,562.0028342,NA,NA,NA,NA,126.0045597,0.393951283,0.476518812,NA,-2.696967204,NA,5.222222222,88.71550013,76.71406635,66.71029887,82.61964302,66.71029887,76.58962268,73.14816093,62.12896101,61.19083863,25.15167414,NA,HYS,C3,Perennial,NA,NA,NA,NA,NA,NA,NA,NA,NA,NA,NA,0.800463843,-6.608851669,5.507066215,-1.067171261,0.221545876,-0.776293228,0.512423909,1.249275666,Other,99.25758989
Asterericoides,Tallgrass,NA,0.235220084,66.08423284,0.435510394,NA,168.1867388,NA,0.503520652,NA,-2.182770973,NA,3.407407407,51.43508705,89.48500238,83.03210771,89.48500238,83.03210771,56.61053892,17.04586578,83.03210771,50.61626126,-0.463325809,NA,KNZ,C3,Perennial,NA,NA,NA,NA,NA,NA,NA,NA,NA,NA,NA,0.49292041,-5.748928047,-13.22359962,1.058858235,0.275732624,-0.309972559,-1.093098171,2.028725083,Other,99.53667419
Astragaluscrassicarpus,Southern Mixed,562.0028342,NA,NA,NA,NA,125.9291485,0.393951283,0.476636078,NA,-2.696967204,NA,4.133333333,88.87030053,76.86886676,66.86509927,82.77444343,66.86509927,76.74442309,73.30296133,62.28376142,61.34563903,25.30647454,TRY/KZ,HYS,C3,Perennial,NA,NA,NA,NA,NA,135.86957,NA,0.46,NA,NA,NA,0.728756183,-1.688034512,0.703956984,-0.552557631,-0.246404381,-0.18773068,0.11842257,1.372201051,Other,99.4123903
Boutelouacurtipendula,Southern Mixed,NA,NA,NA,NA,NA,NA,NA,NA,NA,-2.649035128,NA,125.31,71.64338486,59.64195108,49.6381836,65.54752776,49.6381836,59.51750742,56.07604566,45.05684575,44.11872336,8.079558869,AS/HAYS,HYS,C4,Perennial,684.95,0.12054,222.8852772,0.45474026,0.884,158.4683619,0.441390407,0.5498623,4.08076,-2.8125968,NA,0.762768818,-2.229480642,-1.096944836,-0.70292546,-0.270054219,-0.751624408,-0.318753167,1.311013215,Grass,82.18547463
Boutelouacurtipendula,Tallgrass,NA,0.236455646,65.2709758,0.432790934,NA,168.3505553,NA,0.502530122,NA,-2.150404953,NA,14.12121212,49.97826617,88.0281815,81.57528683,88.0281815,81.57528683,55.15371805,15.5890449,81.57528683,49.15944039,-1.920146684,TRY/KZ; ST,KNZ,C4,Perennial,684.95,0.1827286,100.63455,0.5510436,0.884,160.67665,0.425945204,0.548931,4.08076,-3.0114032,NA,0.937018836,1.797268393,7.416860582,-0.66907289,-0.123727391,0.096326972,0.641672471,1.067214406,Grass,98.07985332
Boutelouaeriopoda,Desert,NA,NA,NA,NA,NA,NA,NA,NA,NA,-2.282633282,NA,21.5811,57.56839662,74.67376214,33.81957359,27.40261712,27.40261712,54.632358,40.41560655,33.5706803,33.5706803,66.0187013,AS/NM; RG/sev,SBK,C4,Perennial,609.6,NA,NA,NA,NA,165.7349725,0.358500582,NA,NA,-2.6979008,2.11225,0.515330175,0.379422493,-1.315285983,0.782914664,0.042545496,0.121260125,-0.619109044,1.940503486,Grass,84.59420449
Boutelouagracilis,Desert,NA,NA,NA,NA,NA,NA,NA,NA,NA,-2.175807189,NA,55.4449,33.39452328,50.49988881,9.645700253,3.228743785,3.228743785,30.45848466,16.24173321,9.396806961,9.396806961,41.84482796,TRY/AZ,SBK,C4,Perennial,345,0.183741667,123.04093,0.3752851,0.56,110.4342855,0.41375,0.412646057,1.09699,-2.517091661,1.3646,0.597756057,-0.07509387,0.202736815,-0.66403678,-0.386206094,-0.07509387,0.202736815,1.672923241,Grass,60.42033115
Boutelouagracilis,Northern Mixed,169.143193,0.220897787,158.4682973,NA,0.933754148,113.8350323,0.338576993,NA,1.914951937,-1.574887353,2.009047152,92.21,82.63308268,82.84693309,79.61541943,52.34224542,44.07374384,82.84693309,82.29518527,80.16770164,80.34484876,81.56575594,DB/HPG,CHY,C4,Perennial,159.1,0.204125,68.67957164,0.3752851,0.56,72.99876175,0.49404319,0.412646057,0.6532,-1.599274184,1.508888889,0.7429735,-3.019723144,-4.47526844,0.119424167,-0.451194836,-0.895306985,-1.465925988,1.345943025,Grass,83.1848305
Boutelouagracilis,Northern Shortgrass,NA,NA,NA,NA,NA,NA,NA,NA,NA,-1.647597459,NA,139.38,51.03832402,48.9719657,47.69421756,31.72820683,28.63449941,48.9719657,47.69421756,47.69421756,48.9719657,47.69421756,DB/CPER,SGS,C4,Perennial,231.36,0.183741667,123.04093,0.3752851,0.56,125.5501051,0.480014021,0.412646057,1.018,-2.1479208,1.857,0.779416767,-0.217907152,-1.636063287,-0.16161853,-1.579774665,-0.217907152,-1.636063287,1.283010633,Grass,68.19776143
Boutelouagracilis,Southern Mixed,589.2802699,NA,NA,NA,NA,NA,NA,0.482752292,NA,-2.543231129,NA,52.13793103,82.04579232,70.04435855,60.04059106,75.94993522,60.04059106,69.91991488,66.47845312,55.45925321,54.52113082,18.48196633,AS/HAYS,HYS,C4,Perennial,260.065,0.183741667,123.04093,0.3752851,0.56,130.267628,0.482589445,0.412646057,0.92273,-3.80408,1.6829445,0.909883572,-4.465931219,-3.40599845,-1.376105932,-0.084205222,-2.07092856,-0.77902785,1.099041714,Grass,92.58788209
Bromusjaponicus,Southern Mixed,585.0400068,NA,NA,NA,NA,NA,NA,0.491241272,NA,-2.696967204,NA,53.54069767,81.84636992,69.84493614,59.84116866,75.75051281,59.84116866,69.72049247,66.27903072,55.2598308,54.32170841,18.28254392,TRY/global,HYS,C3,Annual,314.2857,NA,NA,NA,NA,NA,0.2866,0.33,2.499,NA,NA,1.497938466,-9.975934025,-2.711514088,0.580108077,1.221619541,-1.346111009,-0.704599545,0.667584165,Grass,92.38845968
Buchloedactyloides,Northern Shortgrass,178.6102889,0.173214543,241.689813,NA,0.926530869,145.6554977,0.397299404,NA,1.116031126,-1.847749806,1.955493176,5.6,81.56281446,79.49645613,78.21870799,62.25269727,59.15898984,79.49645613,78.21870799,78.21870799,79.49645613,78.21870799,TRY/ all,SGS,C4,Perennial,NA,NA,NA,NA,0.78,131.75231,0.61125,NA,NA,NA,NA,0.81138469,-1.7655952,0.614245561,-0.388989256,0.322927603,-0.519978569,0.19193829,1.232461016,Grass,98.72225186
Buchloedactyloides,Southern Mixed,562.0028342,NA,NA,NA,NA,125.8751157,0.390825918,0.476518812,NA,-2.696967204,NA,12,87.75194659,75.75051281,65.74674533,81.65608948,65.74674533,75.62606914,72.18460739,61.16540747,60.22728508,24.1881206,TRY/KZ,HYS,C4,Perennial,NA,NA,NA,NA,0.78,131.75231,0.5325,NA,NA,NA,NA,0.848307698,-6.243792738,-3.132332325,-0.335410239,0.266731445,-1.074592072,-0.472450388,1.178817547,Grass,98.29403635
Carexbrevior,Tallgrass,NA,0.235220084,66.08423284,0.435510394,NA,167.9356746,NA,0.504525391,NA,-2.182770973,NA,4.111111111,51.33940019,89.38931552,82.93642086,89.38931552,82.93642086,56.51485207,16.95017892,82.93642086,50.52057441,-0.559012661,TRY/KZ,KNZ,C3,Perennial,NA,NA,NA,NA,NA,208.33333,NA,0.3428571,NA,NA,NA,0.534290746,6.734264103,0.843304668,0.14915984,-0.269576596,0.460934442,0.042198006,1.871640126,Grass,99.44098734
Carexeleocharis,Northern Mixed,181.5761114,0.224166702,157.0557397,NA,0.901696508,105.1695294,0.35679594,NA,1.857337502,-1.399415273,1.961845413,93.95,82.31578092,82.52963134,79.29811768,52.02494366,43.75644208,82.52963134,81.97788351,79.85039988,80.027547,81.24845419,DB/HPG,CHY,C3,Perennial,99.55,0.1892,76.88056507,NA,0.716666667,115.4980706,0.403400534,NA,0.95225,-2.430975402,1.742,0.579142811,0.032321455,-0.478637708,0.726216377,0.586534282,0.00833612,-0.131345975,1.726689828,Grass,82.86752874
Carexeleocharis,Northern Shortgrass,181.7445973,NA,NA,NA,0.93704035,147.6225544,0.400550388,NA,NA,-1.828487512,NA,20.60606061,78.13889195,76.07253362,74.79478548,58.82877476,55.73506733,76.07253362,74.79478548,74.79478548,76.07253362,74.79478548,DB/CPER,SGS,C3,Perennial,126.52,0.1892,76.88056507,NA,0.716666667,110.0503329,0.40284305,NA,1.11075,-2.15417688,1.753,0.831659445,2.108261527,2.100832068,-0.180845067,-0.07163075,0.713151281,0.822365598,1.202415251,Grass,95.29832935
Carexheliophila,Tallgrass,NA,0.235220084,66.08423284,0.435510394,NA,168.1867388,NA,0.503520652,NA,-2.182770973,NA,24.27631579,48.59741526,86.64733059,80.19443592,86.64733059,80.19443592,53.77286713,14.20819399,80.19443592,47.77858948,-3.300997597,NA,KNZ,C3,Perennial,NA,NA,NA,NA,NA,NA,NA,NA,NA,NA,NA,0.734028699,-1.000844906,-0.581020236,0.05513235,0.093191931,-0.091346398,-0.053286817,1.362344554,Grass,96.6990024
Carexmeadii,Tallgrass,NA,0.235220084,66.08423284,0.435510394,NA,165.6149429,NA,0.507839831,NA,-2.182770973,NA,39.225,46.56475219,84.61466752,78.16177285,84.61466752,78.16177285,51.74020406,12.17553092,78.16177285,45.7459264,-5.333660669,TRY/KZ,KNZ,C3,Perennial,440,NA,NA,NA,NA,208.98642,NA,0.435,NA,NA,NA,0.729568528,-1.402374363,-5.477892809,0.04784691,-0.411168953,-0.122340258,-0.581356121,1.37067316,Grass,94.66633933
Chamaesycealbomarginata,Desert,NA,NA,NA,NA,NA,147.478063,NA,NA,NA,-2.37874922,NA,9.588666667,66.12926588,83.2346314,42.38044285,35.96348638,35.96348638,63.19322726,48.97647581,42.13154956,42.13154956,74.57957056,RG/sev,SBK,C4,Perennial,NA,NA,NA,NA,NA,126.4952309,NA,NA,1.2973,NA,NA,0.884580058,1.758474067,-3.486507934,1.227069889,-0.094697823,0.459810286,-0.861957426,1.130479928,Grass,93.15507375
Chamaesyceserpyllifolia,Desert,NA,NA,NA,NA,NA,141.5360701,NA,NA,NA,-2.37874922,NA,9.500217391,66.19240591,83.29777144,42.44358289,36.02662642,36.02662642,63.2563673,49.03961584,42.1946896,42.1946896,74.64271059,TRY/AZ; RG/sev,SBK,C4,Annual,15.27778,NA,NA,NA,NA,199.2828272,NA,NA,NA,NA,1.6056,1.188015704,-0.690211789,3.586488258,-0.382989499,0.800852899,-0.204950895,0.978891503,0.841739715,Other,93.21821379
Cirsiumundulatum,Northern Mixed,166.4121078,0.217989673,142.8113086,NA,0.869069729,106.9905321,0.365449822,NA,1.537122869,-1.580493881,1.923396166,2.563636364,98.98075429,99.19460471,95.96309105,68.68991704,60.42141546,99.19460471,98.64285688,96.51537325,96.69252037,97.91342756,DB/HPG,CHY,C3,Perennial,386.1428571,NA,NA,NA,NA,97.29738554,0.228524695,0.41,36.25428571,-1.27780434,1.958,0.460748368,0.762666086,-1.407026499,0.584741497,0.201938538,0.144818152,-0.237984807,2.170382077,Other,99.53250211
Cirsiumundulatum,Southern Mixed,562.9511743,NA,NA,NA,NA,126.4874741,0.395179661,0.477068457,NA,-2.715339184,NA,4.805555556,88.77473498,76.7733012,66.76953372,82.67887787,66.76953372,76.64885753,73.20739578,62.18819586,61.25007347,25.21090898,AS/HAYS,HYS,C3,Perennial,438.7714286,NA,NA,NA,NA,71.73601,0.256133344,0.41,41.22380952,-1.080581418,1.964714286,0.775713195,0.20790169,-9.180837117,0.755564369,-0.773963991,0.024585126,-1.504943234,1.28913625,Other,99.31682474
Comandraumbellata,Northern Mixed,168.0427099,0.217024444,143.8394344,NA,0.869483309,107.0682519,0.365708859,NA,1.710918928,-1.576414066,1.917864052,4.453125,98.63619219,98.8500426,95.61852894,68.34535493,60.07685335,98.8500426,98.29829478,96.17081115,96.34795827,97.56886546,DB/HPG,CHY,C3,Perennial,94.85,0.3323,21.75143953,NA,0.82,91.94960823,0.255090913,0.3340517,0.4859,-1.896426384,2.608,0.567902903,0.359338937,0.212422869,0.173274299,0.135186145,0.081968463,0.043880309,1.760864391,Other,99.18794001
Dasyochloapulchella,Desert,NA,NA,NA,NA,NA,145.3928157,NA,NA,NA,-2.301695263,1.774414831,3.05137931,70.79594701,87.90131254,47.04712398,40.63016752,40.63016752,67.85990839,53.64315694,46.79823069,46.79823069,79.24625169,AS/NM; RG/sev,SBK,C4,Perennial,NA,NA,NA,NA,NA,165.6899912,0.440023543,NA,NA,-4.6562288,1.055,0.43384981,0.70055696,1.347925513,-0.253210141,0.07694704,0.077230818,0.407387999,2.304945114,Grass,97.82175488
Dichantheliumoligosanthes,Tallgrass,NA,0.235220084,66.08423284,0.435510394,NA,168.1867388,NA,0.503520652,NA,-2.182770973,NA,9.797468354,50.56619178,88.61610711,82.16321244,88.61610711,82.16321244,55.74164366,16.17697051,82.16321244,49.747366,-1.332221074,NA,KNZ,C3,Perennial,491.5,NA,NA,NA,NA,NA,NA,NA,NA,NA,NA,0.512996049,-0.868707876,-0.496151714,-0.083108431,-0.060414454,-0.070629543,-0.047935566,1.949332753,Grass,98.66777893
Echinocereusviridiflorus,Northern Shortgrass,178.6102889,0.173214543,241.689813,NA,0.924212932,145.4355665,0.400683838,NA,1.116031126,-1.847749806,1.955493176,1.530612245,82.49132386,80.42496553,79.14721739,63.18120667,60.08749924,80.42496553,79.14721739,79.14721739,80.42496553,79.14721739,NA,SGS,CAM,Perennial,NA,NA,NA,NA,NA,NA,NA,NA,NA,NA,NA,0.132662747,1.74E-16,-0.189756325,0.115364852,0.0419489,5.09E-17,-0.073415952,7.537911176,Other,99.65076126
Echinomastusintertextus,Desert,NA,NA,NA,NA,NA,145.8836287,NA,NA,NA,-2.37874922,1.755169249,2.85625,70.93524122,88.04060674,47.18641819,40.76946172,40.76946172,67.9992026,53.78245115,46.9375249,46.9375249,79.3855459,NA,SBK,CAM,Perennial,NA,NA,NA,NA,NA,NA,NA,NA,NA,NA,NA,0.251043089,-0.059248217,0.172145075,-0.077254777,-0.020619011,-0.012442849,0.044192918,3.983379928,Other,97.96104909
Elymuselymoides,Northern Shortgrass,178.6102889,NA,NA,NA,NA,NA,NA,NA,NA,-1.847749806,NA,29.69135802,76.06590589,73.99954757,72.72179943,56.7557887,53.66208128,73.99954757,72.72179943,72.72179943,73.99954757,72.72179943,NA,SGS,C3,Perennial,NA,NA,NA,NA,NA,NA,NA,NA,NA,NA,NA,0.736160938,-0.662763489,-0.346424546,-0.319340692,-0.215170467,-0.203997851,-0.099827626,1.358398618,Grass,93.2253433
Erigeronpumilus,Northern Mixed,169.0098272,0.217564129,144.1393314,NA,0.866588589,107.0167415,0.367314495,NA,1.728141005,-1.596583439,1.926885425,11.65625,97.32264954,97.53649995,94.30498629,67.03181228,58.7633107,97.53649995,96.98475213,94.8572685,95.03441562,96.25532281,DB/HPG,CHY,C4,Perennial,95.8,0.23698,83.89194004,NA,0.98,103.6559933,0.249771608,0.20651597,0.457125,-0.785325331,1.773,0.53707018,-1.400050028,3.726645681,0.051561571,0.59522433,-0.123772332,0.419890428,1.861954055,Other,97.87439736
Erysimumasperum,Southern Mixed,562.0028342,NA,NA,NA,NA,126.0045597,0.395070498,0.476518812,NA,-2.696967204,NA,4.611111111,88.80237791,76.80094413,66.79717665,82.7065208,66.79717665,76.67650046,73.23503871,62.21583879,61.2777164,25.23855191,AS/HAYS,HYS,C3,Biennial,NA,NA,NA,NA,NA,NA,0.263038549,NA,NA,NA,NA,0.729906348,-2.318418173,-4.274907889,-0.035251824,-0.23940955,-0.332147651,-0.536305377,1.370038777,Other,99.34446767
Euphorbianutans,Tallgrass,NA,0.23540051,65.86352742,0.4361109,NA,168.3755423,NA,0.502819731,NA,-2.182770973,NA,2.732142857,51.52690685,89.57682218,83.12392752,89.57682218,83.12392752,56.70235873,17.13768558,83.12392752,50.70808107,-0.371506001,TRY/KZ;ST/KUT,KNZ,C4,Annual,392.778,0.19485,115.46675,0.301148,NA,122.6628,NA,0.6725255,NA,NA,NA,0.334413857,2.24983823,0.595871014,-0.001183692,-0.089046613,0.141391446,0.053528526,2.990306709,Other,99.628494
Gauracoccinea,Desert,NA,NA,NA,NA,NA,145.818433,NA,NA,NA,-2.37874922,1.738894372,2.335909091,71.30668964,88.41205517,47.55786662,41.14091015,41.14091015,68.37065103,54.15389958,47.30897333,47.30897333,79.75699433,RG/sev; sevLTER/ blue,SBK,C3,Perennial,NA,NA,73.07968,NA,NA,149.3403465,0.2637897,NA,NA,NA,2.5336,0.372707572,-0.281523248,-1.086630849,0.246523858,0.0595054,-0.027796697,-0.214815155,2.683068642,Other,98.33249752
Gauracoccinea,Northern Mixed,167.38856,0.217989673,142.8113086,NA,0.869069729,106.7834119,0.3652018,NA,1.704245921,-1.581649419,1.922795136,2.87037037,98.9248191,99.13866951,95.90715585,68.63398184,60.36548026,99.13866951,98.58692169,96.45943806,96.63658518,97.85749237,DB/CPER,CHY,C3,Perennial,178.12,NA,NA,NA,NA,137.561965,0.290132473,NA,1.06725,-1.09411888,2.066666667,0.48109805,0.162114379,1.258288596,0.100194265,0.305988008,0.028048584,0.233842327,2.078578367,Other,99.47656692
Gutierreziasarothrae,Southern Mixed,564.6806022,NA,NA,NA,NA,126.5332648,0.394253568,0.481652194,NA,-2.702306425,NA,9.196969697,88.15043557,76.14900179,66.14523431,82.05457846,66.14523431,76.02455812,72.58309637,61.56389646,60.62577407,24.58660958,AS/HAYS,HYS,C3,Perennial,381.4667,0.2064,88.03055556,0.36,1.24,95.2121,0.376374603,0.15435775,0.19084,-2.454065,1.534,0.717470777,-1.853311674,0.753346133,-0.393515927,-0.043280686,-0.226670166,0.123565075,1.393784991,Other,98.69252534
Hedeomahispida,Southern Mixed,562.0028342,NA,NA,NA,NA,126.0649643,0.393951283,0.47648812,NA,-2.696967204,NA,3.015625,89.02919802,77.02776424,67.02399676,82.93334091,67.02399676,76.90332057,73.46185881,62.4426589,61.50453651,25.46537202,TRY/KZ,HYS,C3,Annual,NA,NA,NA,NA,NA,115.15152,NA,0.4824561,NA,NA,NA,0.330198424,0.676784116,-2.597692373,0.828406872,0.184455818,0.092883191,-0.551067863,3.028482047,Other,99.57128778
Heterothecavillosa,Northern Mixed,170.1164413,0.215437383,147.9249765,NA,0.873879917,106.3353987,0.369025192,NA,1.76686204,-1.649693169,1.916108772,34.68965517,93.12233924,93.33618966,90.104676,62.83150199,54.56300041,93.33618966,92.78444184,90.6569582,90.83410532,92.05501251,DB/HPG,CHY,C3,Perennial,128.12,0.254566667,69.97353922,NA,0.8,115.9404074,0.30257769,NA,0.733125,-0.551132887,2.032,0.634955266,-1.467993973,-1.949050468,-0.083105663,-0.210912081,-0.315446184,-0.443252602,1.574914099,Other,93.67408707
Heterothecavillosa,Northern Shortgrass,178.5184041,0.172670554,242.8380519,NA,0.925030298,145.5680212,0.401159607,NA,1.113458573,-1.851376175,1.951557926,2.314285714,82.31251362,80.2461553,78.96840716,63.00239643,59.90868901,80.2461553,78.96840716,78.96840716,80.2461553,78.96840716,DB/CPER,SGS,C3,Perennial,192.9333333,0.254566667,69.97353922,NA,0.8,125.3067938,0.328382588,NA,1.50075,-1.30543536,2.544,0.544164506,2.54321413,6.256358762,-0.167170256,0.164533445,0.591682096,0.923385797,1.837679579,Other,99.47195102
Ipomopsislaxiflora,Northern Shortgrass,178.6102889,0.173214543,241.689813,NA,0.924212932,145.4355665,0.400683838,NA,1.116031126,-1.847749806,1.955493176,8.720930233,80.85071395,78.78435563,77.50660749,61.54059676,58.44688934,78.78435563,77.50660749,77.50660749,78.78435563,77.50660749,NA,SGS,C3,Biennial,NA,NA,NA,NA,NA,NA,NA,NA,NA,NA,NA,0.93025535,-2.518715615,-5.704716631,1.519717768,0.829923834,-0.462187839,-1.151981774,1.074973661,Other,98.01015136
Koeleriapyramidata,Northern Mixed,167.7983735,0.220237607,142.1317484,NA,0.881281131,107.7233348,0.363584983,NA,1.677645413,-1.58397163,1.941983179,17.84415584,96.19423954,96.40808996,93.1765763,65.90340228,57.63490071,96.40808996,95.85634213,93.7288585,93.90600562,95.12691281,DB/HPG,CHY,C3,Perennial,157,0.15324,162.2700823,0.334,0.516666667,83.88686134,0.401028467,0.487,2.385375,-1.435339472,1.385,0.693287185,-0.15073341,-1.1997178,-0.157084647,-0.352765807,-0.032412547,-0.228093707,1.4424037,Grass,96.74598736
Kuhniaeupatorioides,Southern Mixed,558.4159343,NA,NA,NA,NA,125.8270117,0.393951283,0.47844516,NA,-2.696967204,NA,6.705882353,88.50457761,76.50314383,66.49937635,82.4087205,66.49937635,76.37870016,72.93723841,61.91803849,60.9799161,24.94075162,TRY/KZ,HYS,C3,Perennial,895,NA,NA,NA,NA,140.25245,NA,0.31,NA,NA,NA,0.743178666,4.54E-13,-2.455959591,0.739491772,0.368355863,3.62E-14,-0.371135909,1.345571457,Other,99.04666737
Lactucaserriola,Northern Mixed,165.160622,0.217989673,142.8113086,NA,0.869069729,106.9450632,0.36480753,NA,1.700881745,-1.579055526,1.923560601,1.852941176,99.11035477,99.32420518,96.09269153,68.81951751,60.55101593,99.32420518,98.77245736,96.64497373,96.82212085,98.04302804,NA,CHY,C3,Biennial,837.5,NA,NA,NA,NA,NA,NA,NA,NA,NA,NA,0.391460913,13.43824909,-3.837531282,1.103070527,-0.511654354,1.201705146,-0.413019735,2.554533458,Other,99.66210259
Lappularedowskii,Northern Mixed,167.4691351,0.218309549,141.915214,NA,0.865637438,106.4891368,0.365400999,NA,1.706282489,-1.581892131,1.92195151,2,99.08353752,99.29738793,96.06587427,68.79270026,60.52419868,99.29738793,98.74564011,96.61815647,96.7953036,98.01621078,DB/HPG,CHY,C3,Annual,160.9,0.13325,378.8427103,NA,1.78,231.0757905,0.203229243,NA,0.238642857,-0.816724467,2.356,0.322120563,2.86E-15,-3.638521573,0.343028845,-0.041847332,2.77E-16,-0.384876176,3.104427705,Other,99.63528534
Lepidiumdensiflorum,Desert,NA,NA,NA,NA,NA,142.9812085,NA,NA,NA,-2.457240899,1.67457713,4.522962963,69.74544834,86.85081387,45.99662532,39.57966885,39.57966885,66.80940972,52.59265827,45.74773202,45.74773202,78.19575302,TRY/AZ,SBK,C3,Annual,320,0.15235,NA,0.40364305,1.421,223.95658,0.1758455,0.46227389,2.4471636,-0.839135831,3.707,0.507436424,-6.275022104,-0.616389362,-0.866500528,-0.330522497,-0.702249454,-0.166271424,1.970690225,Other,96.77125622
Lepidiumdensiflorum,Northern Mixed,167.5335877,0.2183951,141.9460889,NA,0.86322758,106.57053,0.365753157,NA,1.707328758,-1.584233319,1.913366196,3.264705882,98.85290913,99.06675954,95.83524588,68.56207187,60.29357029,99.06675954,98.51501172,96.38752809,96.56467521,97.78558239,DB/HPG,CHY,C3,Annual,152.7428571,0.15235,282.0899068,0.40364305,1.816666667,169.268439,0.207452531,0.46227389,0.634055556,-0.728598717,3.598,0.256164802,-1.943234455,0.688951771,-0.044504333,0.136153566,-0.117792827,0.062865072,3.903736937,Other,99.40465695
Lepidiumdensiflorum,Northern Shortgrass,178.639369,0.173701416,240.9997342,NA,0.916218866,145.169492,0.402565978,NA,1.119938736,-1.855924716,1.938557571,3.142857143,82.12345905,80.05710073,78.77935258,62.81334186,59.71963444,80.05710073,78.77935258,78.77935258,80.05710073,78.77935258,DB/CPER,SGS,C3,Annual,175.28,0.119727767,317.5002833,0.40364305,1.816666667,175.1400009,0.190562613,0.46227389,0.68675,-0.949672944,3.816,0.449400406,-0.322165112,-0.584042757,-0.00252866,-0.051398603,-0.065172428,-0.114042371,2.225187132,Other,99.28289645
Lesquerellamontana,Northern Mixed,169.5273634,0.218838587,141.9498637,NA,0.851767583,107.1932079,0.367507887,NA,1.718636374,-1.591501204,1.908952955,9.4375,97.72725487,97.94110528,94.70959162,67.43641761,59.16791603,97.94110528,97.38935746,95.26187382,95.43902095,96.65992813,DB/HPG,CHY,C3,Perennial,49.2,0.171,190.2181779,NA,1.828571429,92.82327376,0.211131504,NA,0.696166667,-0.880043165,2.744,0.910648542,1.642105098,1.637429877,0.102320264,0.065074616,0.366963384,0.329717736,1.098118488,Other,98.27900269
Liatrispunctata,Southern Mixed,564.8113119,NA,NA,NA,NA,126.9162917,0.394993029,0.476600675,NA,-2.725978503,NA,6.85,88.48408932,76.48265554,66.47888806,82.38823221,66.47888806,76.35821187,72.91675012,61.8975502,60.95942782,24.92026333,AS/HAYS,HYS,C3,Perennial,306.8167,0.3042,118.81,0.168,1.06,54.39829,0.312267,0.469593,1.21275,-0.914981833,1.664,0.599980784,-2.7154552,-3.938227996,0.509683937,0.223384267,-0.284467221,-0.570766891,1.666720046,Other,99.02617909
Linariadalmatica,Northern Mixed,164.1971901,0.217989673,142.8113086,NA,0.86807177,106.6591113,0.365913902,NA,1.681941368,-1.579055526,1.923560601,4,98.71882285,98.93267327,95.70115961,68.4279856,60.15948402,98.93267327,98.38092545,96.25344181,96.43058893,97.65149612,TRY/AZ,CHY,C4,Perennial,607,NA,NA,NA,1.001,145.72879,0.21475,NA,4.2554429,NA,NA,0.535743437,-4.486359158,-4.045697628,0.078450887,0.111218717,-0.436874358,-0.404106528,1.866565097,Other,99.27057068
Lygodesmiajuncea,Northern Mixed,167.4450436,0.217989673,142.8113086,NA,0.869069729,106.9751945,0.365703321,NA,1.700881745,-1.579055526,1.923560601,3.025641026,98.89650436,99.11035477,95.87884111,68.6056671,60.33716552,99.11035477,98.55860695,96.43112331,96.60827044,97.82917762,AS/MO,CHY,C3,Perennial,NA,NA,NA,NA,NA,101.5325763,0.203896624,NA,NA,NA,NA,0.326416659,0.712772112,1.740232891,-0.128056931,0.035273253,0.124660259,0.287990442,3.063569127,Other,99.44825218
Machaerantheratanacetifolia,Northern Shortgrass,178.6102889,0.173214543,241.689813,NA,0.924212932,145.4355665,0.400683838,NA,1.116031126,-1.847749806,1.955493176,12.34615385,80.02354918,77.95719086,76.67944272,60.71343199,57.61972457,77.95719086,76.67944272,76.67944272,77.95719086,76.67944272,NA,SGS,C3,Annual,NA,NA,NA,NA,NA,NA,NA,NA,NA,NA,NA,1.608474496,3.317204446,-10.38745104,-0.506151524,-1.915079658,0.478124741,-0.930803393,0.621707091,Other,97.18298658
Medicagolupulina,Southern Mixed,562.7658456,NA,NA,NA,NA,125.6682432,0.395159749,0.476989248,NA,-2.696967204,NA,3.228070175,88.99899604,76.99756226,66.99379478,82.90313893,66.99379478,76.87311859,73.43165684,62.41245692,61.47433453,25.43517004,TRY/KZ,HYS,C3,Annual,414.0291,0.215,303.5787,0.1045,3.2291685,182.43243,0.19152005,0.3915344,7.48,NA,NA,0.391358118,0.4472893,-1.289524143,0.284226701,-0.024887491,0.060072402,-0.24904179,2.555204439,Other,99.5410858
Melilotusofficinalis,Southern Mixed,557.3477166,NA,NA,NA,NA,125.9611362,0.395025757,0.477703677,NA,-2.696967204,NA,3.714285714,88.92987387,76.92844009,66.92467261,82.83401676,66.92467261,76.80399642,73.36253467,62.34333475,61.40521236,25.36604787,TRY/KZ,HYS,C3,Biennial,1346,NA,NA,NA,NA,132.33083,0.2376667,0.2906469,NA,NA,NA,0.811667924,1.070523937,3.446048971,-0.299658668,0.150559091,0.145481381,0.59569914,1.232030946,Other,99.47196363
Mertensialanceolata,Northern Mixed,167.7628187,0.218148209,143.1663555,NA,0.866232761,106.8336439,0.365586905,NA,1.703589832,-1.583026641,1.918972486,2.705128205,98.95495222,99.16880263,95.93728897,68.66411496,60.39561338,99.16880263,98.61705481,96.48957118,96.6667183,97.88762549,DB/HPG,CHY,C3,Perennial,103.7,0.18698,73.76156396,NA,1.425,129.3438491,0.208128531,NA,1.1595,-0.791050036,2.834,0.345301447,-0.296469775,0.024914963,-0.122525672,-0.054147673,-0.063321213,0.005056786,2.896020299,Other,99.50670004
Musineondivaricatum,Northern Mixed,167.8517719,0.217989673,142.8113086,NA,0.869069729,106.9787696,0.365507802,NA,1.694318825,-1.581036792,1.918239824,2.23255814,99.04112883,99.25497925,96.02346559,68.75029158,60.48179,99.25497925,98.70323143,96.57574779,96.75289491,97.9738021,DB/HPG,CHY,C3,Perennial,68.5,NA,NA,NA,NA,98.72758824,0.194083985,0.16887982,3.292,-1.102265773,3.204,0.291565654,-1.487820859,-0.157605527,-0.044936447,0.089930964,-0.161862135,-0.026994724,3.429759252,Other,99.59287666
Oenotheracaespitosa,Desert,NA,NA,NA,NA,NA,144.3178858,NA,NA,NA,-2.37874922,1.755169249,1.285714286,72.0563774,89.16174293,48.30755438,41.89059791,41.89059791,69.12033878,54.90358733,48.05866108,48.05866108,80.50668208,NA; sevLTER/blue + black,SBK,C3,Perennial,152.4,NA,21.5562,NA,NA,297.9888,0.1205563,NA,NA,NA,NA,0,0,0,0,0,0,0,Inf,Other,99.08218527
Oenotherasp.,Northern Shortgrass,178.6102889,0.173214543,241.689813,NA,0.924212932,145.4355665,0.400683838,NA,1.116031126,-1.847749806,1.955493176,3.315789474,82.0840012,80.01764287,78.73989473,62.77388401,59.68017658,80.01764287,78.73989473,78.73989473,80.01764287,78.73989473,NA,SGS,NA,NA,NA,NA,NA,NA,NA,NA,NA,NA,NA,NA,NA,0.6049582,-0.228414315,2.147229055,-0.184143038,0.30292333,-0.034655756,0.452410612,1.653006769,Grass,99.2434386
Opuntiapolyacantha,Northern Shortgrass,160.4802294,0.173214543,241.689813,NA,0.924212932,145.4355665,0.400683838,NA,1.116031126,-1.847749806,1.955493176,14.65625,79.49645613,77.43009781,76.15234967,60.18633894,57.09263152,77.43009781,76.15234967,76.15234967,77.43009781,76.15234967,NA,SGS,C3,Perennial,609.6,NA,NA,NA,NA,NA,NA,NA,NA,NA,NA,0.567872232,-0.093343236,-0.512864568,0.190018266,0.060961515,-0.038502026,-0.167558776,1.760959498,Other,96.65589353
Opuntiapolyacantha,Southern Mixed,561.7031267,NA,NA,NA,NA,126.0045597,0.393951283,0.476518812,NA,-2.696967204,NA,3.9375,88.89814091,76.89670714,66.89293965,82.80228381,66.89293965,76.77226347,73.33080171,62.3116018,61.37347941,25.33431492,NA,HYS,C3,Perennial,609.6,NA,NA,NA,NA,NA,NA,NA,NA,NA,NA,0.522640492,-2.012723766,-0.369371244,-0.101384082,0.088089041,-0.237767815,-0.048294692,1.913361127,Other,99.44023068
Oxalisstricta,Southern Mixed,565.047054,NA,NA,NA,NA,124.3142218,0.396896054,0.47890743,NA,-2.696967204,NA,7.041666667,88.45684129,76.45540751,66.45164003,82.36098418,66.45164003,76.33096384,72.88950209,61.87030217,60.93217979,24.8930153,AS/HAYS,HYS,C3,Perennial,293.0083,NA,NA,NA,NA,255.10204,0.169414116,0.28,8.438333,NA,NA,0.297336362,0.217320682,0.715229354,0.103279024,0.216931797,0.026551746,0.14020452,3.363194446,Other,98.99893106
Pascopyrumsmithii,Northern Mixed,141.8244136,0.200504338,162.027681,NA,0.867058272,112.5633186,0.361831199,NA,1.077204194,-1.612287312,1.853488177,82.81,84.34724159,84.561092,81.32957835,54.05640433,45.78790275,84.561092,84.00934418,81.88186055,82.05900767,83.27991486,DB/HPG,CHY,C3,Perennial,310.55,0.3128,39.31760857,0.2845681,0.88,75.48453217,0.381474082,0.46392425,5.1705,-1.395786971,2.31,0.603736816,0.613191399,0.088388678,-0.718311485,-0.82800671,0.133639382,0.023944157,1.656350869,Grass,84.89898941
Pascopyrumsmithii,Southern Mixed,NA,NA,NA,NA,NA,NA,NA,NA,NA,-2.733309132,NA,104.77,74.56342597,62.56199219,52.55822471,68.46756886,52.55822471,62.43754852,58.99608677,47.97688685,47.03876447,10.99959998,AS/HAYS; ST/KUT,HYS,C3,Perennial,370.7833333,0.195,122.15,0.285,1.004,52.67848466,0.455234911,0.46392425,7.28583335,-2.584984914,2.1925,1.064715314,-6.451185826,-5.189366559,1.167128892,0.838309363,-1.445051165,-1.773870694,0.939218199,Grass,85.10551574
Penstemonalbidus,Northern Mixed,167.6268782,0.217883888,142.9499517,NA,0.868671988,106.9998422,0.365318673,NA,1.698226265,-1.584900408,1.924975773,2.971014493,98.9064659,99.12031632,95.88880266,68.61562865,60.34712707,99.12031632,98.5685685,96.44108486,96.61823198,97.83913917,DB/HPG,CHY,C3,Perennial,134.25,0.23682,118.2733738,NA,0.94,96.92319451,0.271293342,NA,2.184,-0.523550221,1.668,0.372994472,-1.332963611,-0.77133932,-0.095906055,0.017031907,-0.231404376,-0.118466415,2.681004882,Other,99.45821373
Phloxhoodii,Northern Mixed,169.2430554,0.216503159,144.0761992,NA,0.864957536,106.5253668,0.366125146,NA,1.722528662,-1.588591835,1.918296366,6.954545455,98.18003983,98.39389024,95.16237659,67.88920257,59.62070099,98.39389024,97.84214242,95.71465879,95.89180591,97.1127131,DB/HPG,CHY,C4,Perennial,28.25,0.33018,47.89818564,0.327272727,1.18,139.5070877,0.262580645,0.40898618,0.030829593,-0.848817505,2.326666667,0.426379365,3.725230448,1.578851261,-1.832187762,-1.948307922,0.403363348,0.287243189,2.345329261,Other,98.73178765
Physalispumila,Tallgrass,NA,0.235220084,66.08423284,0.435510394,NA,168.6352107,NA,0.504181779,NA,-2.182770973,NA,4.12,51.33819152,89.38810685,82.93521218,89.38810685,82.93521218,56.51364339,16.94897025,82.93521218,50.51936573,-0.560221337,TRY/KZ,KNZ,C3,Perennial,NA,NA,NA,NA,NA,96.62921,NA,0.3980322,NA,NA,NA,0.526337814,0.730073768,5.845053656,0.072670569,0.452658403,0.030484967,0.410472801,1.899920496,Other,99.43977866
Plantagopatagonica,Desert,NA,NA,NA,NA,NA,143.1122858,NA,NA,NA,-2.550661819,1.745233102,8.640487805,66.80612895,83.91149448,43.05730592,36.64034946,36.64034946,63.87009033,49.65333888,42.80841263,42.80841263,75.25643363,RG/sev; sevLTER/blue and black,SBK,C3,Annual,118.8675,0.168471429,24.58387,NA,1.25,183.5855,0.221869643,NA,1.421875,-0.69552658,1.8764,0.570505455,-0.572172561,-1.049210916,0.939688598,0.762961506,-0.086104806,-0.262831898,1.75283162,Other,93.83193682
Plantagopatagonica,Northern Mixed,169.4257698,0.219096787,140.0793222,NA,0.860568881,106.8528865,0.367301311,NA,1.71185653,-1.604409832,1.937431695,11.63043478,97.32735713,97.54120755,94.30969389,67.03651987,58.76801829,97.54120755,96.98945972,94.86197609,95.03912321,96.2600304,DB/HPG,CHY,C3,Annual,76.55,0.168471429,264.2943584,NA,1.25,111.1843241,0.250117064,NA,1.199,-0.42831196,1.294,0.977801498,-12.88728582,-11.72772669,-0.07644319,0.485174437,-1.713349415,-1.151731789,1.022702463,Other,97.87910495
Plantagopatagonica,Northern Shortgrass,NA,NA,NA,NA,NA,NA,NA,NA,NA,-1.985936066,NA,47.05405405,72.1042715,70.03791318,68.76016504,52.79415431,49.70044689,70.03791318,68.76016504,68.76016504,70.03791318,68.76016504,DB/CPER,SGS,C3,Annual,94.12,0.168471429,264.2943584,NA,1.25,125.8134807,0.228196907,NA,1.64475,-0.9627412,2.055,1.334498289,2.49571897,-0.451866016,-0.947604964,-1.527933734,0.501016359,-0.079312411,0.749345284,Other,89.2637089
Poapratensis,Southern Mixed,568.9449011,NA,NA,NA,NA,NA,NA,0.484404929,NA,-2.696967204,NA,32.22580645,84.87657238,72.8751386,62.87137112,78.78071527,62.87137112,72.75069493,69.30923318,58.29003326,57.35191087,21.31274639,TRY/KZ,HYS,C3,Perennial,433.39,NA,652.0816,0.116875,0.8149322,223.21429,0.3044245,0.3409091,4.3356409,NA,NA,0.785993896,-0.768425007,-1.373693559,0.935845557,0.87362501,-0.092024314,-0.154244861,1.272274512,Grass,95.41866214
Psoraleatenuiflora,Southern Mixed,562.0028342,NA,NA,NA,NA,NA,NA,0.485798018,NA,-2.696967204,NA,42.23232323,83.45400956,71.45257578,61.4488083,77.35815245,61.4488083,71.32813211,67.88667036,56.86747044,55.92934805,19.89018356,TRY/KZ,HYS,C3,Perennial,NA,0.3176333,34.26263,0.4262845,NA,100.06946,NA,0.3569595,NA,NA,NA,0.968810051,-8.000616818,-7.320082897,0.879102073,-0.009505773,-1.052621439,-1.941229285,1.03219408,Other,93.99609932
Psoraleatenuiflora,Tallgrass,NA,0.231449079,66.41610667,0.435932546,NA,171.0705075,NA,0.510571264,NA,-2.182770973,NA,26.86764706,48.24505626,86.29497159,79.84207692,86.29497159,79.84207692,53.42050814,13.85583499,79.84207692,47.42623048,-3.653356594,TRY/KZ; ST/KUT,KNZ,C3,Perennial,NA,0.3176333,58.831315,0.4262845,NA,100.07,NA,0.33698,NA,NA,NA,0.75698749,1.226769314,-1.159697662,0.867858342,0.658011585,0.100004303,-0.109842453,1.321025795,Other,96.34664341
Ratibidacolumnifera,Southern Mixed,559.625928,NA,NA,NA,NA,126.1096939,0.395256832,0.477734516,NA,-2.704002566,NA,3.882352941,88.90598082,76.90454704,66.90077956,82.81012371,66.90077956,76.78010337,73.33864162,62.3194417,61.38131932,25.34215483,AS/HAYS,HYS,C3,Perennial,944.88,0.204666667,128.4495034,0.278333333,NA,111.3554043,0.212333434,0.2941176,NA,-1.92912608,NA,0.647817527,-3.625335897,-6.612499329,0.955772461,0.203895157,-0.465098594,-1.216975898,1.543644559,Other,99.44807059
Ruelliahumilis,Tallgrass,NA,0.233239604,66.56530595,0.435764321,NA,168.0516793,NA,0.504886556,NA,-2.182770973,NA,6.175438596,51.05870109,89.10861642,82.65572175,89.10861642,82.65572175,56.23415297,16.66947982,82.65572175,50.23987531,-0.839711764,TRY/KZ; ST/KUT,KNZ,C3,Perennial,462.24,0.4301655,18.73055,0.4105155,NA,182.519,NA,0.3585735,NA,NA,NA,0.471632793,-2.69438236,-0.49288332,-0.347372522,-0.228261853,-0.161464005,-0.042353336,2.120293616,Other,99.16028824
Salsolatragus,Desert,NA,NA,NA,NA,NA,145.8836287,NA,NA,NA,-2.37874922,NA,11.04073171,65.09270068,82.19806621,41.34387766,34.92692119,34.92692119,62.15666207,47.93991062,41.09498437,41.09498437,73.54300537,NA,SBK,C4,Annual,NA,NA,NA,NA,NA,NA,NA,NA,NA,NA,NA,0.752379162,0.284410583,-1.262386056,1.329929669,0.914856836,0.030232016,-0.384840817,1.329117088,Other,92.11850856
Salsolatragus,Northern Shortgrass,178.6102889,0.173214543,241.689813,NA,0.924212932,145.4355665,0.400683838,NA,1.116031126,-1.847749806,1.955493176,14,79.64619224,77.57983392,76.30208578,60.33607505,57.24236763,77.57983392,76.30208578,76.30208578,77.57983392,76.30208578,NA,SGS,C4,Annual,NA,NA,NA,NA,NA,NA,NA,NA,NA,NA,NA,0.68399366,-0.576451542,-10.39484611,1.593317683,0.367416978,-0.187764472,-1.413665177,1.462001855,Other,96.80562965
Schizachyriumscoparium,Southern Mixed,529.4053896,NA,NA,NA,NA,NA,NA,0.446849652,NA,-2.759929374,NA,53.31746032,81.87810615,69.87667237,59.87290489,75.78224905,59.87290489,69.7522287,66.31076695,55.29156704,54.35344465,18.31428016,AS/HAYS,HYS,C4,Perennial,914.125,0.17486,195.7415543,0.228333333,0.9905,161.2498759,0.341577904,0.7731486,2.43956,-2.254976,NA,0.630811104,-1.299956235,-1.753827634,-0.185574481,-0.320313945,-0.256525984,-0.391265448,1.585260617,Grass,92.42019592
Schizachyriumscoparium,Tallgrass,NA,NA,NA,NA,NA,166.4826316,NA,0.46729273,NA,-2.159025256,NA,92.96551724,39.25732878,77.30724411,70.85434944,77.30724411,70.85434944,44.43278065,4.868107508,70.85434944,38.43850299,-12.64108408,TRY/KZ; ST/KUT,KNZ,C4,Perennial,914.125,0.202475,79.36428,0.444032,0.9905,178.6083,0.341577904,0.7250745,2.43956,-2.254976,NA,0.645452735,-2.665126249,-3.88810696,0.029212687,0.031201107,-0.748385009,-0.74639659,1.549300121,Grass,87.35891592
Senecioplattensis,Southern Mixed,561.9172206,NA,NA,NA,NA,126.0045597,0.393951283,0.476518812,NA,-2.696967204,NA,1.414634146,89.2568007,77.25536692,67.25159944,83.16094359,67.25159944,77.13092325,73.6894615,62.67026158,61.73213919,25.69297471,NA,HYS,C3,Perennial,600,NA,NA,NA,NA,NA,NA,NA,NA,NA,NA,0.432246172,0.296635929,2.325364086,-0.168931058,0.212108759,0.036421805,0.417461622,2.313496486,Other,99.79889046
Sileneantirrhina,Southern Mixed,562.0028342,NA,NA,NA,NA,125.6031084,0.393951283,0.47698192,NA,-2.696967204,NA,2.94,89.03994914,77.03851536,67.03474788,82.94409203,67.03474788,76.91407169,73.47260994,62.45341003,61.51528764,25.47612315,TRY/KZ,HYS,C3,Annual,NA,NA,NA,NA,NA,200,NA,0.3846154,NA,NA,NA,0.177566211,-0.549620918,-0.597323487,0.101943092,0.065362707,-0.06160311,-0.098183495,5.631702078,Other,99.58203891
Sorghastrumnutans,Tallgrass,NA,NA,NA,NA,NA,NA,NA,NA,NA,-2.182770973,NA,152.8625,31.11277349,69.16268882,62.70979415,69.16268882,62.70979415,36.28822537,-3.276447779,62.70979415,30.29394771,-20.78563936,TRY/KZ; ST/KUT,KNZ,C4,Perennial,1808.6,0.238,78.45428,0.317752,NA,163.79195,NA,0.489839,NA,NA,NA,0.606482129,-1.022315186,1.44227759,0.494510418,0.78972699,-0.128446131,0.166770441,1.648853202,Grass,79.21436064
Sphaeralceacoccinea,Northern Mixed,168.0104592,0.217682214,143.3447079,NA,0.864434905,107.0571628,0.36526926,NA,1.694337713,-1.583688362,1.919560354,3.885416667,98.73971796,98.95356838,95.72205472,68.44888071,60.18037913,98.95356838,98.40182056,96.27433692,96.45148404,97.67239123,DB/HPG,CHY,C3,Perennial,88.65,0.259766667,70.74975685,0.133333333,1.5,91.28928662,0.300322517,0.22081766,2.609722222,-0.940412773,2.475,0.354281909,-0.716833721,0.564889729,-0.205128039,0.059819665,-0.153414215,0.11153349,2.822610961,Other,99.29146579
Sphaeralceacoccinea,Northern Shortgrass,180.9402304,0.167885126,249.1254763,NA,0.894503381,147.630976,0.404066254,NA,0.917482458,-1.851731775,1.893183494,17.37,78.87726166,76.81090334,75.5331552,59.56714447,56.47343705,76.81090334,75.5331552,75.5331552,76.81090334,75.5331552,DB/CPER,SGS,C3,Perennial,132.24,0.274783335,99.97988,0.133333333,1.5,102.8873489,0.335130805,0.22081766,4.9,-1.77186088,3.143,0.619847671,-1.283916903,-0.932191857,0.262068477,0.253448234,-0.379236221,-0.387856463,1.613299601,Other,96.03669907
Sporobolusasper,Southern Mixed,506.5256567,NA,NA,NA,NA,NA,NA,NA,NA,-2.696967204,NA,78.32978723,78.32226278,66.32082901,56.31706152,72.22640568,56.31706152,66.19638534,62.75492358,51.73572367,50.79760128,14.75843679,NA,HYS,C4,Perennial,952.2,NA,NA,NA,NA,NA,NA,NA,NA,NA,NA,0.87028641,-3.040314063,-0.641152044,-0.588889486,0.001270036,-0.752805476,-0.162645953,1.149047013,Grass,88.86435255
Sporobolusasper,Tallgrass,NA,0.235220084,66.08423284,0.435510394,NA,168.1867388,NA,0.503520652,NA,-2.182770973,NA,36.44117647,46.94328552,84.99320085,78.54030618,84.99320085,78.54030618,52.1187374,12.55406425,78.54030618,46.12445974,-4.955127334,NA,KNZ,C4,Perennial,952.2,NA,NA,NA,NA,NA,NA,NA,NA,NA,NA,0.889960916,-1.721928723,0.737112267,-0.463503656,-0.236598962,-0.157553646,0.069351048,1.12364485,Grass,95.04487267
Sporobolussp.,Desert,NA,NA,NA,NA,NA,144.8299438,NA,NA,NA,-2.37874922,1.699853549,8.98597561,66.55950044,83.66486597,42.81067742,36.39372095,36.39372095,63.62346183,49.40671037,42.56178412,42.56178412,75.00980512,RG/sev,SBK,C4,Perennial,NA,NA,NA,NA,NA,159.6265199,NA,NA,NA,NA,2.402,0.751077484,-1.745519324,2.103818072,-1.046176149,0.043771985,-0.344540013,0.74540812,1.331420554,Grass,93.58530832
Stipacomata,Northern Mixed,161.2617286,0.212877542,150.5581936,NA,0.882824978,110.3564206,0.359128029,NA,1.719196261,-1.553163798,1.948811299,36.73737374,92.74892275,92.96277317,89.73125951,62.45808549,54.18958391,92.96277317,92.41102534,90.28354171,90.46068883,91.68159602,DB/HPG,CHY,C3,Perennial,253.05,0.286883333,39.04902073,0.65,0.683333333,59.60760204,0.443618722,0.28232236,1.44825,-1.933388738,1.578,0.846153881,-0.679051883,-1.241111921,-0.045179189,-0.133596897,-0.167500236,-0.255917944,1.181818134,Grass,93.30067057
Tragopogondubius,Northern Mixed,164.6948348,0.216207156,143.8025459,NA,0.866872749,106.6675722,0.365988004,NA,1.64651378,-1.583142023,1.914609596,4.333333333,98.65803708,98.87188749,95.64037383,68.36719982,60.09869824,98.87188749,98.32013967,96.19265604,96.36980316,97.59071034,DB/CPER,CHY,C3,Biennial,510.8075,0.434975,22.84106,0.3711031,1.137,141.6648016,0.217106333,0.3306402,8.4654524,-1.074377472,3.029,0.499996324,-2.888444094,3.394448128,-0.694814982,0.122104324,-0.285686967,0.531232339,2.000014704,Other,99.2097849
Tragopogondubius,Northern Shortgrass,176.5356608,0.170524681,243.9387128,NA,0.922061261,145.1553142,0.402736191,NA,1.033473694,-1.855697016,1.944461771,3.543859649,82.03196258,79.96560426,78.68785612,62.72184539,59.62813797,79.96560426,78.68785612,78.68785612,79.96560426,78.68785612,DB/CPER,SGS,C3,Biennial,389.08,0.434975,22.84106,0.3711031,1.137,173.150804,0.197718638,0.3306402,9.15,-1.074377472,3.029,0.652801679,-0.004209461,5.564058009,-0.363536224,0.638020075,-0.000907087,1.000649212,1.531858806,Other,99.19139999
Tragopogondubius,Southern Mixed,562.361874,NA,NA,NA,NA,126.1327125,0.395387573,0.477268172,NA,-2.713768737,NA,4.382352941,88.834899,76.83346522,66.82969774,82.73904189,66.82969774,76.70902155,73.2675598,62.24835989,61.3102375,25.27107301,ST/KUT,HYS,C3,Biennial,510.8075,0.435,22.84,0.371,1.137,110.2,0.217106333,0.377,8.4654524,-1.074377472,3.029,0.413557234,2.134788199,-4.12645956,-0.089051219,-1.024147317,0.273938214,-0.661157884,2.418044994,Other,99.37698877
Vulpiaoctoflora,Northern Mixed,186.5971075,0.236512251,76.65632136,NA,0.8093386,98.89406991,0.381058593,NA,1.992931489,-1.536320859,1.889030416,85.859375,83.7911657,84.00501612,80.77350246,53.50032845,45.23182687,84.00501612,83.4532683,81.32578466,81.50293178,82.72383897,DB/HPG,CHY,C3,Annual,64.95,0.12178,484.0989444,0.243376475,1.18,150.1410832,0.277615645,0.7305598,0.144238,-1.804843108,2.106,1.50850982,-3.787796036,9.493677458,-0.351327214,1.347488756,-0.636672919,1.062143051,0.66290586,Grass,84.34291352
Vulpiaoctoflora,Northern Shortgrass,NA,NA,NA,NA,NA,NA,NA,NA,NA,-1.865373228,NA,101.44,59.69506768,57.62870936,56.35096122,40.38495049,37.29124307,57.62870936,56.35096122,56.35096122,57.62870936,56.35096122,DB/CPER,SGS,C3,Annual,72.64,0.12178,484.0989444,0.243376475,1.18,192.4544519,0.382109717,0.7305598,0.1421,-1.804843108,1.775555556,1.545543355,1.650194955,2.151021635,-0.111172479,0.332099105,0.346210642,0.789482226,0.647021642,Grass,76.85450509
